date,region_name,region_code,confirmed,dead,icu,hospitalized,recovered
2020-01-24,Charente,DEP-16,0,NaN,NaN,NaN,NaN
2020-01-24,Charente-Maritime,DEP-17,0,NaN,NaN,NaN,NaN
2020-01-24,Corrèze,DEP-19,0,NaN,NaN,NaN,NaN
2020-01-24,Creuse,DEP-23,0,NaN,NaN,NaN,NaN
2020-01-24,Deux-Sèvres,DEP-79,0,NaN,NaN,NaN,NaN
2020-01-24,Dordogne,DEP-24,0,NaN,NaN,NaN,NaN
2020-01-24,Gironde,DEP-33,1,NaN,NaN,1,NaN
2020-01-24,Haute-Vienne,DEP-87,0,NaN,NaN,NaN,NaN
2020-01-24,Landes,DEP-40,0,NaN,NaN,NaN,NaN
2020-01-24,Lot-et-Garonne,DEP-47,0,NaN,NaN,NaN,NaN
2020-01-24,Pyrénées-Atlantiques,DEP-64,0,NaN,NaN,NaN,NaN
2020-01-24,Vienne,DEP-86,0,NaN,NaN,NaN,NaN
2020-01-25,Gironde,DEP-33,1,NaN,NaN,1,NaN
2020-01-26,Gironde,DEP-33,1,NaN,NaN,1,NaN
2020-01-27,Gironde,DEP-33,1,NaN,NaN,1,NaN
2020-01-27,Hérault,DEP-34,1,NaN,NaN,NaN,NaN
2020-01-28,Gironde,DEP-33,1,NaN,NaN,1,NaN
2020-01-29,Gironde,DEP-33,1,NaN,NaN,1,NaN
2020-01-30,Gironde,DEP-33,1,NaN,NaN,1,NaN
2020-01-31,Gironde,DEP-33,1,NaN,NaN,1,NaN
2020-02-03,Gironde,DEP-33,1,NaN,NaN,1,NaN
2020-02-05,Gironde,DEP-33,1,NaN,NaN,1,NaN
2020-02-06,Gironde,DEP-33,1,NaN,NaN,1,NaN
2020-02-07,Gironde,DEP-33,1,NaN,NaN,1,NaN
2020-02-07,Haute-Savoie,DEP-74,5,0,NaN,NaN,NaN
2020-02-08,Gironde,DEP-33,1,NaN,NaN,1,NaN
2020-02-08,Haute-Savoie,DEP-74,5.333333333333333,0,NaN,5,NaN
2020-02-10,Gironde,DEP-33,1,NaN,NaN,1,NaN
2020-02-10,Haute-Savoie,DEP-74,5,0,NaN,NaN,NaN
2020-02-11,Gironde,DEP-33,1,NaN,NaN,1,NaN
2020-02-11,Haute-Savoie,DEP-74,5,0,NaN,NaN,NaN
2020-02-12,Gironde,DEP-33,1,NaN,NaN,1,NaN
2020-02-12,Haute-Savoie,DEP-74,5,0,NaN,NaN,NaN
2020-02-20,Gironde,DEP-33,1,NaN,NaN,1,NaN
2020-02-20,Haute-Savoie,DEP-74,6,0,NaN,NaN,NaN
2020-02-24,Gironde,DEP-33,1,NaN,NaN,NaN,NaN
2020-02-25,Haute-Savoie,DEP-74,7,NaN,NaN,NaN,NaN
2020-02-26,Aisne,DEP-02,0,0,NaN,NaN,NaN
2020-02-26,Doubs,DEP-25,1,NaN,NaN,NaN,NaN
2020-02-26,Nord,DEP-59,0,0,NaN,NaN,NaN
2020-02-26,Oise,DEP-60,2,1,NaN,NaN,NaN
2020-02-26,Pas-de-Calais,DEP-62,0,0,NaN,NaN,NaN
2020-02-26,Somme,DEP-80,0,0,NaN,NaN,NaN
2020-02-26,Territoire de Belfort,DEP-90,2,NaN,NaN,NaN,NaN
2020-02-27,Bas-Rhin,DEP-67,1,NaN,NaN,NaN,NaN
2020-02-27,Côte-d'Or,DEP-21,1,NaN,NaN,NaN,NaN
2020-02-27,Finistère,DEP-29,1,NaN,NaN,NaN,NaN
2020-02-27,Haute-Savoie,DEP-74,2,0,NaN,NaN,NaN
2020-02-27,Loire-Atlantique,DEP-44,1,NaN,NaN,NaN,NaN
2020-02-28,Alpes-Maritimes,DEP-06,1,NaN,NaN,NaN,NaN
2020-02-28,Charente-Maritime,DEP-17,1,NaN,NaN,NaN,NaN
2020-02-28,Côte-d'Or,DEP-21,2,NaN,NaN,NaN,NaN
2020-02-28,Finistère,DEP-29,2,NaN,NaN,NaN,NaN
2020-02-28,Gironde,DEP-33,2,NaN,NaN,NaN,NaN
2020-02-28,Hérault,DEP-34,3,NaN,NaN,NaN,NaN
2020-02-28,Landes,DEP-40,1,NaN,NaN,NaN,NaN
2020-02-28,Maine-et-Loire,DEP-49,2,NaN,NaN,NaN,NaN
2020-02-28,Mayenne,DEP-53,1,NaN,NaN,NaN,NaN
2020-02-28,Seine-Maritime,DEP-76,1,NaN,NaN,NaN,NaN
2020-02-29,Aisne,DEP-02,1,NaN,NaN,NaN,NaN
2020-02-29,Charente,DEP-16,0,NaN,NaN,NaN,NaN
2020-02-29,Charente-Maritime,DEP-17,1,NaN,NaN,NaN,NaN
2020-02-29,Corrèze,DEP-19,0,NaN,NaN,NaN,NaN
2020-02-29,Creuse,DEP-23,0,NaN,NaN,NaN,NaN
2020-02-29,Deux-Sèvres,DEP-79,0,NaN,NaN,NaN,NaN
2020-02-29,Dordogne,DEP-24,0,NaN,NaN,NaN,NaN
2020-02-29,Gironde,DEP-33,2,NaN,NaN,NaN,NaN
2020-02-29,Haute-Vienne,DEP-87,0,NaN,NaN,NaN,NaN
2020-02-29,Ille-et-Vilaine,DEP-35,2,NaN,NaN,NaN,NaN
2020-02-29,Landes,DEP-40,1,NaN,NaN,NaN,NaN
2020-02-29,Lot-et-Garonne,DEP-47,0,NaN,NaN,NaN,NaN
2020-02-29,Oise,DEP-60,3,NaN,NaN,NaN,NaN
2020-02-29,Pyrénées-Atlantiques,DEP-64,0,NaN,NaN,NaN,NaN
2020-02-29,Vienne,DEP-86,0,NaN,NaN,NaN,NaN
2020-03-01,Aisne,DEP-02,1.5,0,NaN,NaN,NaN
2020-03-01,Doubs,DEP-25,6,NaN,NaN,NaN,NaN
2020-03-01,Hérault,DEP-34,5,NaN,NaN,NaN,NaN
2020-03-01,Ille-et-Vilaine,DEP-35,4,NaN,NaN,NaN,NaN
2020-03-01,Morbihan,DEP-56,9,NaN,NaN,NaN,NaN
2020-03-01,Pas-de-Calais,DEP-62,1,NaN,NaN,NaN,NaN
2020-03-01,Sarthe,DEP-72,1,NaN,NaN,NaN,NaN
2020-03-02,Ain,DEP-01,3,0,NaN,NaN,NaN
2020-03-02,Aisne,DEP-02,3,0,NaN,NaN,NaN
2020-03-02,Ardennes,DEP-08,0,0,NaN,NaN,NaN
2020-03-02,Aube,DEP-10,0,0,NaN,NaN,NaN
2020-03-02,Bas-Rhin,DEP-67,2,0,NaN,NaN,NaN
2020-03-02,Eure,DEP-27,2,0,NaN,NaN,NaN
2020-03-02,Finistère,DEP-29,3,NaN,NaN,NaN,NaN
2020-03-02,Haut-Rhin,DEP-68,3,0,NaN,NaN,NaN
2020-03-02,Haute-Marne,DEP-52,0,0,NaN,NaN,NaN
2020-03-02,Haute-Savoie,DEP-74,25,0,NaN,NaN,NaN
2020-03-02,Hérault,DEP-34,6,NaN,NaN,NaN,NaN
2020-03-02,Loire-Atlantique,DEP-44,2,NaN,NaN,NaN,NaN
2020-03-02,Marne,DEP-51,0,0,NaN,NaN,NaN
2020-03-02,Meurthe-et-Moselle,DEP-54,0,0,NaN,NaN,NaN
2020-03-02,Meuse,DEP-55,0,0,NaN,NaN,NaN
2020-03-02,Morbihan,DEP-56,12,NaN,NaN,NaN,NaN
2020-03-02,Moselle,DEP-57,0,0,NaN,NaN,NaN
2020-03-02,Rhône,DEP-69,4,0,NaN,NaN,NaN
2020-03-02,Vosges,DEP-88,0,0,NaN,NaN,NaN
2020-03-03,Ain,DEP-01,3,0,NaN,NaN,NaN
2020-03-03,Aisne,DEP-02,7,0,NaN,NaN,NaN
2020-03-03,Allier,DEP-03,0,0,NaN,NaN,NaN
2020-03-03,Ardèche,DEP-07,0,0,NaN,NaN,NaN
2020-03-03,Cantal,DEP-15,0,0,NaN,NaN,NaN
2020-03-03,Charente,DEP-16,0,NaN,NaN,NaN,NaN
2020-03-03,Charente-Maritime,DEP-17,1,NaN,NaN,NaN,NaN
2020-03-03,Corrèze,DEP-19,0,NaN,NaN,NaN,NaN
2020-03-03,Creuse,DEP-23,0,NaN,NaN,NaN,NaN
2020-03-03,Deux-Sèvres,DEP-79,0,NaN,NaN,NaN,NaN
2020-03-03,Dordogne,DEP-24,0,NaN,NaN,NaN,NaN
2020-03-03,Drôme,DEP-26,0,0,NaN,NaN,NaN
2020-03-03,Gard,DEP-30,2,NaN,NaN,NaN,NaN
2020-03-03,Gironde,DEP-33,2,NaN,NaN,NaN,NaN
2020-03-03,Haute-Loire,DEP-43,0,0,NaN,NaN,NaN
2020-03-03,Haute-Savoie,DEP-74,29,0,NaN,NaN,NaN
2020-03-03,Haute-Vienne,DEP-87,0,NaN,NaN,NaN,NaN
2020-03-03,Isère,DEP-38,0,0,NaN,NaN,NaN
2020-03-03,Landes,DEP-40,1,NaN,NaN,NaN,NaN
2020-03-03,Loire,DEP-42,0,0,NaN,NaN,NaN
2020-03-03,Loire-Atlantique,DEP-44,3,NaN,NaN,NaN,NaN
2020-03-03,Lot-et-Garonne,DEP-47,1,NaN,NaN,NaN,NaN
2020-03-03,Puy-de-Dôme,DEP-63,0,0,NaN,NaN,NaN
2020-03-03,Pyrénées-Atlantiques,DEP-64,0.5,NaN,NaN,NaN,NaN
2020-03-03,Rhône,DEP-69,4,0,NaN,NaN,NaN
2020-03-03,Saône-et-Loire,DEP-71,1,NaN,NaN,NaN,NaN
2020-03-03,Savoie,DEP-73,0,0,NaN,NaN,NaN
2020-03-03,Territoire de Belfort,DEP-90,6,NaN,NaN,NaN,NaN
2020-03-03,Vienne,DEP-86,0,NaN,NaN,NaN,NaN
2020-03-04,Ain,DEP-01,4,0,NaN,NaN,NaN
2020-03-04,Aisne,DEP-02,12,0,NaN,NaN,NaN
2020-03-04,Allier,DEP-03,0,0,NaN,NaN,NaN
2020-03-04,Alpes-Maritimes,DEP-06,10,0,NaN,NaN,NaN
2020-03-04,Ardèche,DEP-07,0,0,NaN,NaN,NaN
2020-03-04,Ardennes,DEP-08,0,0,NaN,NaN,NaN
2020-03-04,Aube,DEP-10,0,0,NaN,NaN,NaN
2020-03-04,Aveyron,DEP-12,2,NaN,NaN,NaN,NaN
2020-03-04,Bas-Rhin,DEP-67,5,0,NaN,NaN,NaN
2020-03-04,Bouches-du-Rhône,DEP-13,7,0,NaN,NaN,NaN
2020-03-04,Cantal,DEP-15,0,0,NaN,NaN,NaN
2020-03-04,Charente,DEP-16,0,NaN,NaN,NaN,NaN
2020-03-04,Charente-Maritime,DEP-17,1,NaN,NaN,NaN,1
2020-03-04,Corrèze,DEP-19,0,NaN,NaN,NaN,NaN
2020-03-04,Côte-d'Or,DEP-21,1,NaN,NaN,NaN,NaN
2020-03-04,Côtes-d'Armor,DEP-22,0,0,NaN,NaN,NaN
2020-03-04,Creuse,DEP-23,0,NaN,NaN,NaN,NaN
2020-03-04,Deux-Sèvres,DEP-79,0,NaN,NaN,NaN,NaN
2020-03-04,Dordogne,DEP-24,0,NaN,NaN,NaN,NaN
2020-03-04,Drôme,DEP-26,1.5,0,NaN,NaN,NaN
2020-03-04,Eure,DEP-27,2,NaN,NaN,NaN,NaN
2020-03-04,Eure-et-Loir,DEP-28,1,NaN,NaN,NaN,NaN
2020-03-04,Finistère,DEP-29,3,0,NaN,NaN,NaN
2020-03-04,Gironde,DEP-33,2,NaN,NaN,NaN,NaN
2020-03-04,Guyane,DEP-973,5,NaN,NaN,NaN,NaN
2020-03-04,Haut-Rhin,DEP-68,16,0,NaN,NaN,NaN
2020-03-04,Haute-Loire,DEP-43,0,0,NaN,NaN,NaN
2020-03-04,Haute-Marne,DEP-52,0,0,NaN,NaN,NaN
2020-03-04,Haute-Saône,DEP-70,1,NaN,NaN,NaN,NaN
2020-03-04,Haute-Savoie,DEP-74,39,0,NaN,NaN,NaN
2020-03-04,Haute-Vienne,DEP-87,0,NaN,NaN,NaN,NaN
2020-03-04,Ille-et-Vilaine,DEP-35,4,0,NaN,NaN,NaN
2020-03-04,Indre-et-Loire,DEP-37,1,NaN,NaN,NaN,NaN
2020-03-04,Isère,DEP-38,0,0,NaN,NaN,NaN
2020-03-04,Landes,DEP-40,1,NaN,NaN,NaN,NaN
2020-03-04,Loire,DEP-42,0,0,NaN,NaN,NaN
2020-03-04,Loire-Atlantique,DEP-44,4,NaN,NaN,NaN,NaN
2020-03-04,Lot-et-Garonne,DEP-47,1,NaN,NaN,NaN,NaN
2020-03-04,Marne,DEP-51,1,0,NaN,NaN,NaN
2020-03-04,Meurthe-et-Moselle,DEP-54,0,0,NaN,NaN,NaN
2020-03-04,Meuse,DEP-55,0,0,NaN,NaN,NaN
2020-03-04,Morbihan,DEP-56,17,NaN,NaN,NaN,NaN
2020-03-04,Moselle,DEP-57,0,0,NaN,NaN,NaN
2020-03-04,Nord,DEP-59,1,NaN,NaN,NaN,NaN
2020-03-04,Oise,DEP-60,NaN,3,NaN,NaN,NaN
2020-03-04,Puy-de-Dôme,DEP-63,0,0,NaN,NaN,NaN
2020-03-04,Pyrénées-Atlantiques,DEP-64,1,NaN,NaN,NaN,NaN
2020-03-04,Rhône,DEP-69,5,0,NaN,NaN,NaN
2020-03-04,Saône-et-Loire,DEP-71,2,NaN,NaN,NaN,NaN
2020-03-04,Savoie,DEP-73,2,0,NaN,NaN,NaN
2020-03-04,Territoire de Belfort,DEP-90,7,NaN,NaN,NaN,NaN
2020-03-04,Vaucluse,DEP-84,1,0,NaN,NaN,NaN
2020-03-04,Vienne,DEP-86,0,NaN,NaN,NaN,NaN
2020-03-04,Vosges,DEP-88,1,0,NaN,NaN,NaN
2020-03-05,Ain,DEP-01,4,0,NaN,NaN,NaN
2020-03-05,Aisne,DEP-02,14,1,NaN,NaN,NaN
2020-03-05,Alpes-Maritimes,DEP-06,14,0,NaN,NaN,NaN
2020-03-05,Aveyron,DEP-12,4,NaN,NaN,NaN,NaN
2020-03-05,Bouches-du-Rhône,DEP-13,7,0,NaN,NaN,NaN
2020-03-05,Calvados,DEP-14,1,NaN,NaN,NaN,NaN
2020-03-05,Charente,DEP-16,0,NaN,NaN,NaN,NaN
2020-03-05,Charente-Maritime,DEP-17,1,NaN,NaN,NaN,1
2020-03-05,Cher,DEP-18,0,0,NaN,NaN,NaN
2020-03-05,Corrèze,DEP-19,0,NaN,NaN,NaN,NaN
2020-03-05,Corse-du-Sud,DEP-2A,3,0,NaN,NaN,NaN
2020-03-05,Côtes-d'Armor,DEP-22,0,0,NaN,NaN,NaN
2020-03-05,Creuse,DEP-23,0,NaN,NaN,NaN,NaN
2020-03-05,Deux-Sèvres,DEP-79,1,NaN,NaN,NaN,NaN
2020-03-05,Dordogne,DEP-24,0,NaN,NaN,NaN,NaN
2020-03-05,Doubs,DEP-25,17,NaN,NaN,NaN,NaN
2020-03-05,Drôme,DEP-26,3,0,NaN,NaN,NaN
2020-03-05,Essonne,DEP-91,1,NaN,NaN,NaN,NaN
2020-03-05,Eure-et-Loir,DEP-28,1,0,NaN,NaN,NaN
2020-03-05,Finistère,DEP-29,3,0,NaN,NaN,NaN
2020-03-05,Gironde,DEP-33,2,NaN,NaN,NaN,NaN
2020-03-05,Haute-Corse,DEP-2B,0,0,NaN,NaN,NaN
2020-03-05,Haute-Garonne,DEP-31,1,NaN,NaN,NaN,NaN
2020-03-05,Haute-Savoie,DEP-74,39,0,2,NaN,NaN
2020-03-05,Haute-Vienne,DEP-87,0,NaN,NaN,NaN,NaN
2020-03-05,Hautes-Alpes,DEP-05,3,0,NaN,NaN,NaN
2020-03-05,Hauts-de-Seine,DEP-92,10,NaN,NaN,NaN,NaN
2020-03-05,Hérault,DEP-34,9,NaN,NaN,NaN,NaN
2020-03-05,Ille-et-Vilaine,DEP-35,5,0,NaN,NaN,NaN
2020-03-05,Indre,DEP-36,0,0,NaN,NaN,NaN
2020-03-05,Indre-et-Loire,DEP-37,1,0,NaN,NaN,NaN
2020-03-05,Landes,DEP-40,1,NaN,NaN,NaN,NaN
2020-03-05,Loir-et-Cher,DEP-41,0,0,NaN,NaN,NaN
2020-03-05,Loiret,DEP-45,1,0,NaN,NaN,NaN
2020-03-05,Lot-et-Garonne,DEP-47,2.5,NaN,NaN,NaN,NaN
2020-03-05,Manche,DEP-50,3,NaN,NaN,NaN,NaN
2020-03-05,Martinique,DEP-972,2,NaN,NaN,NaN,NaN
2020-03-05,Morbihan,DEP-56,23,NaN,NaN,NaN,NaN
2020-03-05,Nord,DEP-59,1,NaN,NaN,NaN,NaN
2020-03-05,Oise,DEP-60,6,4,NaN,NaN,NaN
2020-03-05,Paris,DEP-75,17,NaN,NaN,NaN,NaN
2020-03-05,Pas-de-Calais,DEP-62,NaN,0,NaN,NaN,NaN
2020-03-05,Puy-de-Dôme,DEP-63,3,NaN,NaN,NaN,NaN
2020-03-05,Pyrénées-Atlantiques,DEP-64,1,NaN,NaN,NaN,NaN
2020-03-05,Rhône,DEP-69,12,0,NaN,NaN,NaN
2020-03-05,Saône-et-Loire,DEP-71,5,NaN,NaN,NaN,NaN
2020-03-05,Savoie,DEP-73,2,0,NaN,NaN,NaN
2020-03-05,Seine-et-Marne,DEP-77,3,NaN,NaN,NaN,NaN
2020-03-05,Seine-Saint-Denis,DEP-93,7,NaN,NaN,NaN,NaN
2020-03-05,Somme,DEP-80,2,0,NaN,NaN,NaN
2020-03-05,Territoire de Belfort,DEP-90,18,NaN,NaN,NaN,NaN
2020-03-05,Val-d'Oise,DEP-95,12,NaN,NaN,NaN,NaN
2020-03-05,Val-de-Marne,DEP-94,7,NaN,NaN,NaN,NaN
2020-03-05,Var,DEP-83,1,0,NaN,NaN,NaN
2020-03-05,Vaucluse,DEP-84,1,0,NaN,NaN,NaN
2020-03-05,Vienne,DEP-86,0,NaN,NaN,NaN,NaN
2020-03-05,Yvelines,DEP-78,1,NaN,NaN,NaN,NaN
2020-03-06,Ain,DEP-01,4,0,NaN,NaN,NaN
2020-03-06,Aisne,DEP-02,20,1,NaN,NaN,NaN
2020-03-06,Alpes-Maritimes,DEP-06,17,0,NaN,NaN,NaN
2020-03-06,Ardèche,DEP-07,2,0,NaN,NaN,NaN
2020-03-06,Bouches-du-Rhône,DEP-13,7,0,NaN,NaN,NaN
2020-03-06,Charente,DEP-16,1,NaN,NaN,NaN,NaN
2020-03-06,Charente-Maritime,DEP-17,2,NaN,NaN,NaN,1
2020-03-06,Cher,DEP-18,0,0,NaN,NaN,NaN
2020-03-06,Corrèze,DEP-19,0,NaN,NaN,NaN,NaN
2020-03-06,Corse-du-Sud,DEP-2A,4,0,NaN,NaN,NaN
2020-03-06,Côte-d'Or,DEP-21,5,NaN,NaN,NaN,NaN
2020-03-06,Côtes-d'Armor,DEP-22,0,0,NaN,NaN,NaN
2020-03-06,Creuse,DEP-23,0,NaN,NaN,NaN,NaN
2020-03-06,Deux-Sèvres,DEP-79,1,NaN,NaN,NaN,NaN
2020-03-06,Dordogne,DEP-24,1,NaN,NaN,NaN,NaN
2020-03-06,Doubs,DEP-25,30,NaN,NaN,NaN,NaN
2020-03-06,Drôme,DEP-26,3,0,2,NaN,NaN
2020-03-06,Essonne,DEP-91,2,NaN,NaN,NaN,NaN
2020-03-06,Eure-et-Loir,DEP-28,1,0,NaN,NaN,NaN
2020-03-06,Finistère,DEP-29,4,0,NaN,NaN,NaN
2020-03-06,Gard,DEP-30,3,NaN,NaN,NaN,NaN
2020-03-06,Gironde,DEP-33,2,NaN,NaN,NaN,NaN
2020-03-06,Haut-Rhin,DEP-68,80,NaN,NaN,NaN,NaN
2020-03-06,Haute-Corse,DEP-2B,2,0,NaN,NaN,NaN
2020-03-06,Haute-Garonne,DEP-31,2,NaN,NaN,NaN,NaN
2020-03-06,Haute-Saône,DEP-70,3,NaN,NaN,NaN,NaN
2020-03-06,Haute-Savoie,DEP-74,48,0,2,NaN,NaN
2020-03-06,Haute-Vienne,DEP-87,0,NaN,NaN,NaN,NaN
2020-03-06,Hautes-Alpes,DEP-05,5,0,NaN,NaN,NaN
2020-03-06,Hauts-de-Seine,DEP-92,10,NaN,NaN,NaN,NaN
2020-03-06,Hérault,DEP-34,11,NaN,NaN,NaN,NaN
2020-03-06,Ille-et-Vilaine,DEP-35,6,0,NaN,NaN,NaN
2020-03-06,Indre,DEP-36,0,0,NaN,NaN,NaN
2020-03-06,Indre-et-Loire,DEP-37,2,0,NaN,NaN,NaN
2020-03-06,Jura,DEP-39,2,NaN,NaN,NaN,NaN
2020-03-06,Landes,DEP-40,1,NaN,NaN,NaN,NaN
2020-03-06,Loir-et-Cher,DEP-41,0,0,NaN,NaN,NaN
2020-03-06,Loire,DEP-42,1,0,NaN,NaN,NaN
2020-03-06,Loire-Atlantique,DEP-44,4.5,NaN,NaN,NaN,NaN
2020-03-06,Loiret,DEP-45,4,0,NaN,NaN,NaN
2020-03-06,Lot,DEP-46,1,NaN,NaN,NaN,NaN
2020-03-06,Lot-et-Garonne,DEP-47,3,NaN,NaN,NaN,NaN
2020-03-06,Maine-et-Loire,DEP-49,3,NaN,NaN,NaN,NaN
2020-03-06,Manche,DEP-50,6,NaN,NaN,NaN,NaN
2020-03-06,Marne,DEP-51,2,NaN,NaN,NaN,NaN
2020-03-06,Mayenne,DEP-53,1,NaN,NaN,NaN,NaN
2020-03-06,Meuse,DEP-55,1,NaN,NaN,NaN,NaN
2020-03-06,Morbihan,DEP-56,24,NaN,NaN,NaN,NaN
2020-03-06,Moselle,DEP-57,1,NaN,NaN,NaN,NaN
2020-03-06,Nord,DEP-59,4,NaN,NaN,NaN,NaN
2020-03-06,Oise,DEP-60,NaN,5,NaN,NaN,NaN
2020-03-06,Paris,DEP-75,19,NaN,NaN,NaN,NaN
2020-03-06,Pas-de-Calais,DEP-62,0,0,NaN,NaN,NaN
2020-03-06,Puy-de-Dôme,DEP-63,5,0,NaN,NaN,NaN
2020-03-06,Pyrénées-Atlantiques,DEP-64,1,NaN,NaN,NaN,1
2020-03-06,Rhône,DEP-69,21,0,1,NaN,NaN
2020-03-06,Saône-et-Loire,DEP-71,8,NaN,NaN,NaN,NaN
2020-03-06,Sarthe,DEP-72,3,NaN,NaN,NaN,NaN
2020-03-06,Savoie,DEP-73,3,0,NaN,NaN,NaN
2020-03-06,Seine-et-Marne,DEP-77,8,NaN,NaN,NaN,NaN
2020-03-06,Seine-Maritime,DEP-76,2,NaN,NaN,NaN,NaN
2020-03-06,Seine-Saint-Denis,DEP-93,12,NaN,NaN,NaN,NaN
2020-03-06,Somme,DEP-80,3,NaN,NaN,NaN,NaN
2020-03-06,Tarn,DEP-81,2,NaN,NaN,NaN,NaN
2020-03-06,Tarn-et-Garonne,DEP-82,3,NaN,NaN,NaN,NaN
2020-03-06,Territoire de Belfort,DEP-90,30,NaN,NaN,NaN,NaN
2020-03-06,Val-d'Oise,DEP-95,26,1,NaN,NaN,NaN
2020-03-06,Val-de-Marne,DEP-94,9,NaN,NaN,NaN,NaN
2020-03-06,Var,DEP-83,1,0,NaN,NaN,NaN
2020-03-06,Vaucluse,DEP-84,1,0,NaN,NaN,NaN
2020-03-06,Vendée,DEP-85,1,NaN,NaN,NaN,NaN
2020-03-06,Vienne,DEP-86,0,NaN,NaN,NaN,NaN
2020-03-06,Vosges,DEP-88,2,NaN,NaN,NaN,NaN
2020-03-06,Yonne,DEP-89,2,NaN,NaN,NaN,NaN
2020-03-06,Yvelines,DEP-78,3,NaN,NaN,NaN,NaN
2020-03-07,Ain,DEP-01,7,0,NaN,NaN,NaN
2020-03-07,Aisne,DEP-02,20,NaN,NaN,NaN,NaN
2020-03-07,Alpes-Maritimes,DEP-06,17,0,NaN,NaN,NaN
2020-03-07,Ardèche,DEP-07,2,0,NaN,NaN,NaN
2020-03-07,Aude,DEP-11,3,0,NaN,NaN,NaN
2020-03-07,Aveyron,DEP-12,4,0,NaN,NaN,NaN
2020-03-07,Bas-Rhin,DEP-67,46,NaN,NaN,NaN,NaN
2020-03-07,Bouches-du-Rhône,DEP-13,10,0,NaN,NaN,NaN
2020-03-07,Calvados,DEP-14,1,0,NaN,NaN,NaN
2020-03-07,Charente,DEP-16,1,NaN,NaN,NaN,NaN
2020-03-07,Charente-Maritime,DEP-17,2,NaN,NaN,NaN,1
2020-03-07,Corrèze,DEP-19,0,NaN,NaN,NaN,NaN
2020-03-07,Corse-du-Sud,DEP-2A,13,0,NaN,NaN,NaN
2020-03-07,Côte-d'Or,DEP-21,7,NaN,NaN,NaN,NaN
2020-03-07,Côtes-d'Armor,DEP-22,0,0,NaN,NaN,NaN
2020-03-07,Creuse,DEP-23,0,NaN,NaN,NaN,NaN
2020-03-07,Deux-Sèvres,DEP-79,1,NaN,NaN,NaN,NaN
2020-03-07,Dordogne,DEP-24,0,NaN,NaN,NaN,NaN
2020-03-07,Doubs,DEP-25,39,NaN,NaN,NaN,NaN
2020-03-07,Drôme,DEP-26,16,0,2,NaN,NaN
2020-03-07,Essonne,DEP-91,5,NaN,NaN,NaN,NaN
2020-03-07,Eure,DEP-27,1,0,NaN,NaN,NaN
2020-03-07,Finistère,DEP-29,5,0,NaN,NaN,NaN
2020-03-07,Gard,DEP-30,3,0,NaN,NaN,NaN
2020-03-07,Gironde,DEP-33,3,NaN,NaN,NaN,NaN
2020-03-07,Haute-Corse,DEP-2B,5,0,NaN,NaN,NaN
2020-03-07,Haute-Garonne,DEP-31,2,0,NaN,NaN,NaN
2020-03-07,Haute-Marne,DEP-52,1,NaN,NaN,NaN,NaN
2020-03-07,Haute-Saône,DEP-70,5,NaN,NaN,NaN,NaN
2020-03-07,Haute-Savoie,DEP-74,58,0,3,NaN,NaN
2020-03-07,Haute-Vienne,DEP-87,0,NaN,NaN,NaN,NaN
2020-03-07,Hautes-Alpes,DEP-05,6,0,NaN,NaN,NaN
2020-03-07,Hauts-de-Seine,DEP-92,11,NaN,NaN,NaN,NaN
2020-03-07,Hérault,DEP-34,11,0,NaN,NaN,NaN
2020-03-07,Ille-et-Vilaine,DEP-35,7,0,NaN,NaN,NaN
2020-03-07,Isère,DEP-38,1,NaN,NaN,NaN,NaN
2020-03-07,Jura,DEP-39,4,NaN,NaN,NaN,NaN
2020-03-07,Landes,DEP-40,1,NaN,NaN,NaN,NaN
2020-03-07,Loire,DEP-42,2,0,1,NaN,NaN
2020-03-07,Lot,DEP-46,1,0,NaN,NaN,NaN
2020-03-07,Lot-et-Garonne,DEP-47,5.5,NaN,NaN,NaN,NaN
2020-03-07,Maine-et-Loire,DEP-49,4,NaN,NaN,NaN,NaN
2020-03-07,Manche,DEP-50,6,0,NaN,NaN,NaN
2020-03-07,Morbihan,DEP-56,35,NaN,NaN,NaN,NaN
2020-03-07,Moselle,DEP-57,8,NaN,NaN,NaN,NaN
2020-03-07,Nièvre,DEP-58,0,0,NaN,NaN,NaN
2020-03-07,Oise,DEP-60,7,7,NaN,NaN,NaN
2020-03-07,Orne,DEP-61,0,0,NaN,NaN,NaN
2020-03-07,Paris,DEP-75,21,NaN,NaN,NaN,NaN
2020-03-07,Pas-de-Calais,DEP-62,3,NaN,NaN,NaN,NaN
2020-03-07,Puy-de-Dôme,DEP-63,5,0,NaN,NaN,NaN
2020-03-07,Pyrénées-Atlantiques,DEP-64,2,NaN,NaN,NaN,1
2020-03-07,Rhône,DEP-69,32,0,5,NaN,NaN
2020-03-07,Saône-et-Loire,DEP-71,10,NaN,NaN,NaN,NaN
2020-03-07,Savoie,DEP-73,3,0,1,NaN,NaN
2020-03-07,Seine-et-Marne,DEP-77,8,NaN,NaN,NaN,NaN
2020-03-07,Seine-Maritime,DEP-76,2,1,NaN,NaN,NaN
2020-03-07,Seine-Saint-Denis,DEP-93,13,NaN,NaN,NaN,NaN
2020-03-07,Tarn,DEP-81,2,0,NaN,NaN,NaN
2020-03-07,Tarn-et-Garonne,DEP-82,3,0,NaN,NaN,NaN
2020-03-07,Territoire de Belfort,DEP-90,38,NaN,NaN,NaN,NaN
2020-03-07,Val-d'Oise,DEP-95,31,1,NaN,NaN,NaN
2020-03-07,Val-de-Marne,DEP-94,10,NaN,NaN,NaN,NaN
2020-03-07,Var,DEP-83,2,0,NaN,NaN,NaN
2020-03-07,Vaucluse,DEP-84,2,0,NaN,NaN,NaN
2020-03-07,Vienne,DEP-86,0,NaN,NaN,NaN,NaN
2020-03-07,Yonne,DEP-89,0,0,NaN,NaN,NaN
2020-03-07,Yvelines,DEP-78,7,NaN,NaN,NaN,NaN
2020-03-08,Ain,DEP-01,8,0,NaN,NaN,NaN
2020-03-08,Aisne,DEP-02,21,NaN,NaN,NaN,NaN
2020-03-08,Alpes-de-Haute-Provence,DEP-04,0,0,NaN,NaN,NaN
2020-03-08,Alpes-Maritimes,DEP-06,21,0,NaN,NaN,NaN
2020-03-08,Ardèche,DEP-07,3,0,NaN,NaN,NaN
2020-03-08,Ardennes,DEP-08,1,0,NaN,NaN,NaN
2020-03-08,Aube,DEP-10,1,0,NaN,NaN,NaN
2020-03-08,Aude,DEP-11,8,NaN,NaN,NaN,NaN
2020-03-08,Aveyron,DEP-12,8,NaN,NaN,NaN,NaN
2020-03-08,Bas-Rhin,DEP-67,46,0,NaN,NaN,NaN
2020-03-08,Bouches-du-Rhône,DEP-13,15,0,NaN,NaN,NaN
2020-03-08,Calvados,DEP-14,2,0,NaN,NaN,NaN
2020-03-08,Charente,DEP-16,1,NaN,NaN,NaN,NaN
2020-03-08,Charente-Maritime,DEP-17,7,NaN,NaN,NaN,1
2020-03-08,Cher,DEP-18,0,0,NaN,NaN,NaN
2020-03-08,Corrèze,DEP-19,1,NaN,NaN,NaN,NaN
2020-03-08,Côtes-d'Armor,DEP-22,0,0,NaN,NaN,NaN
2020-03-08,Creuse,DEP-23,0,NaN,NaN,NaN,NaN
2020-03-08,Deux-Sèvres,DEP-79,1,NaN,NaN,NaN,NaN
2020-03-08,Dordogne,DEP-24,0,NaN,NaN,NaN,NaN
2020-03-08,Doubs,DEP-25,41,NaN,NaN,NaN,NaN
2020-03-08,Drôme,DEP-26,16,1,1,NaN,NaN
2020-03-08,Essonne,DEP-91,6,NaN,NaN,NaN,NaN
2020-03-08,Eure,DEP-27,6,0,NaN,NaN,NaN
2020-03-08,Eure-et-Loir,DEP-28,5,0,NaN,NaN,NaN
2020-03-08,Finistère,DEP-29,5,0,NaN,NaN,NaN
2020-03-08,Gers,DEP-32,1,NaN,NaN,NaN,NaN
2020-03-08,Gironde,DEP-33,4,NaN,NaN,NaN,NaN
2020-03-08,Haut-Rhin,DEP-68,162,2,NaN,NaN,NaN
2020-03-08,Haute-Marne,DEP-52,1,0,NaN,NaN,NaN
2020-03-08,Haute-Savoie,DEP-74,59,0,3,NaN,8
2020-03-08,Haute-Vienne,DEP-87,0,NaN,NaN,NaN,NaN
2020-03-08,Hautes-Alpes,DEP-05,8,0,NaN,NaN,NaN
2020-03-08,Hauts-de-Seine,DEP-92,19,NaN,NaN,NaN,NaN
2020-03-08,Hérault,DEP-34,18,NaN,NaN,NaN,NaN
2020-03-08,Ille-et-Vilaine,DEP-35,7,0,NaN,NaN,NaN
2020-03-08,Indre,DEP-36,0,0,NaN,NaN,NaN
2020-03-08,Indre-et-Loire,DEP-37,5,0,NaN,NaN,NaN
2020-03-08,Landes,DEP-40,1,NaN,NaN,NaN,NaN
2020-03-08,Loir-et-Cher,DEP-41,0,0,NaN,NaN,NaN
2020-03-08,Loire,DEP-42,6,0,2,NaN,NaN
2020-03-08,Loire-Atlantique,DEP-44,8,NaN,NaN,NaN,NaN
2020-03-08,Loiret,DEP-45,7,0,NaN,NaN,NaN
2020-03-08,Lot-et-Garonne,DEP-47,10.5,NaN,NaN,NaN,NaN
2020-03-08,Maine-et-Loire,DEP-49,6.5,NaN,NaN,NaN,NaN
2020-03-08,Manche,DEP-50,6,0,NaN,NaN,NaN
2020-03-08,Marne,DEP-51,5,0,NaN,NaN,NaN
2020-03-08,Mayenne,DEP-53,1,NaN,NaN,NaN,NaN
2020-03-08,Meurthe-et-Moselle,DEP-54,10,0,NaN,NaN,NaN
2020-03-08,Meuse,DEP-55,2,0,NaN,NaN,NaN
2020-03-08,Morbihan,DEP-56,47,NaN,NaN,NaN,NaN
2020-03-08,Moselle,DEP-57,16,1,NaN,NaN,NaN
2020-03-08,Nièvre,DEP-58,0,0,NaN,NaN,NaN
2020-03-08,Nord,DEP-59,5,NaN,NaN,NaN,NaN
2020-03-08,Oise,DEP-60,9,NaN,NaN,NaN,NaN
2020-03-08,Orne,DEP-61,0,0,NaN,NaN,NaN
2020-03-08,Paris,DEP-75,26,NaN,NaN,NaN,NaN
2020-03-08,Puy-de-Dôme,DEP-63,7,0,NaN,NaN,NaN
2020-03-08,Pyrénées-Atlantiques,DEP-64,2,NaN,NaN,NaN,1
2020-03-08,Rhône,DEP-69,44,0,6,NaN,NaN
2020-03-08,Sarthe,DEP-72,5,NaN,NaN,NaN,NaN
2020-03-08,Savoie,DEP-73,3,0,NaN,NaN,NaN
2020-03-08,Seine-et-Marne,DEP-77,12,NaN,NaN,NaN,NaN
2020-03-08,Seine-Maritime,DEP-76,8,1,NaN,NaN,NaN
2020-03-08,Seine-Saint-Denis,DEP-93,16,NaN,NaN,NaN,NaN
2020-03-08,Somme,DEP-80,4,0,NaN,NaN,NaN
2020-03-08,Territoire de Belfort,DEP-90,41,NaN,NaN,NaN,NaN
2020-03-08,Val-d'Oise,DEP-95,39,1,NaN,NaN,NaN
2020-03-08,Val-de-Marne,DEP-94,13,NaN,NaN,NaN,NaN
2020-03-08,Var,DEP-83,5,0,NaN,NaN,NaN
2020-03-08,Vaucluse,DEP-84,3,0,NaN,NaN,NaN
2020-03-08,Vendée,DEP-85,4,NaN,NaN,NaN,NaN
2020-03-08,Vienne,DEP-86,1,NaN,NaN,NaN,NaN
2020-03-08,Vosges,DEP-88,15,0,NaN,NaN,NaN
2020-03-08,Yonne,DEP-89,4,NaN,NaN,NaN,NaN
2020-03-08,Yvelines,DEP-78,13,NaN,NaN,NaN,NaN
2020-03-09,Ain,DEP-01,17,0,NaN,NaN,NaN
2020-03-09,Aisne,DEP-02,27.333333333333332,2,NaN,NaN,NaN
2020-03-09,Alpes-de-Haute-Provence,DEP-04,1,0,NaN,NaN,NaN
2020-03-09,Alpes-Maritimes,DEP-06,22,0,NaN,NaN,NaN
2020-03-09,Ardèche,DEP-07,6,0,NaN,NaN,NaN
2020-03-09,Ardennes,DEP-08,1,0,NaN,NaN,NaN
2020-03-09,Aube,DEP-10,1,0,NaN,NaN,NaN
2020-03-09,Aude,DEP-11,14,0,NaN,NaN,NaN
2020-03-09,Aveyron,DEP-12,8,0,NaN,NaN,NaN
2020-03-09,Bas-Rhin,DEP-67,53,0,NaN,NaN,NaN
2020-03-09,Bouches-du-Rhône,DEP-13,25,0,NaN,NaN,NaN
2020-03-09,Calvados,DEP-14,2,0,NaN,NaN,NaN
2020-03-09,Charente,DEP-16,1,NaN,NaN,NaN,NaN
2020-03-09,Charente-Maritime,DEP-17,7,NaN,NaN,NaN,1
2020-03-09,Corrèze,DEP-19,2,NaN,NaN,NaN,NaN
2020-03-09,Corse-du-Sud,DEP-2A,28,1,2,NaN,NaN
2020-03-09,Côtes-d'Armor,DEP-22,0,0,NaN,NaN,NaN
2020-03-09,Creuse,DEP-23,0,NaN,NaN,NaN,NaN
2020-03-09,Deux-Sèvres,DEP-79,1,NaN,NaN,NaN,NaN
2020-03-09,Dordogne,DEP-24,2.5,NaN,NaN,NaN,NaN
2020-03-09,Doubs,DEP-25,44,NaN,NaN,NaN,NaN
2020-03-09,Drôme,DEP-26,16,1,NaN,NaN,NaN
2020-03-09,Essonne,DEP-91,7,NaN,NaN,NaN,NaN
2020-03-09,Eure,DEP-27,7,0,NaN,NaN,NaN
2020-03-09,Finistère,DEP-29,5,0,NaN,NaN,NaN
2020-03-09,Gard,DEP-30,3,0,NaN,NaN,NaN
2020-03-09,Gers,DEP-32,1,0,NaN,NaN,NaN
2020-03-09,Gironde,DEP-33,4,NaN,NaN,NaN,NaN
2020-03-09,Haut-Rhin,DEP-68,193,2,NaN,NaN,NaN
2020-03-09,Haute-Corse,DEP-2B,5.5,0,NaN,NaN,NaN
2020-03-09,Haute-Garonne,DEP-31,3,0,NaN,NaN,NaN
2020-03-09,Haute-Marne,DEP-52,1,0,NaN,NaN,NaN
2020-03-09,Haute-Savoie,DEP-74,66,0,NaN,NaN,8
2020-03-09,Haute-Vienne,DEP-87,0,NaN,NaN,NaN,NaN
2020-03-09,Hautes-Alpes,DEP-05,12,0,NaN,NaN,NaN
2020-03-09,Hauts-de-Seine,DEP-92,20,NaN,NaN,NaN,NaN
2020-03-09,Hérault,DEP-34,24,0,NaN,NaN,NaN
2020-03-09,Ille-et-Vilaine,DEP-35,11,0,NaN,NaN,NaN
2020-03-09,Isère,DEP-38,1,0,NaN,NaN,NaN
2020-03-09,Landes,DEP-40,1,NaN,NaN,NaN,NaN
2020-03-09,Loire,DEP-42,15,0,NaN,NaN,NaN
2020-03-09,Loire-Atlantique,DEP-44,9,NaN,NaN,NaN,NaN
2020-03-09,Lot,DEP-46,2,0,NaN,NaN,NaN
2020-03-09,Lot-et-Garonne,DEP-47,15.5,NaN,NaN,NaN,NaN
2020-03-09,Manche,DEP-50,6,0,NaN,NaN,NaN
2020-03-09,Marne,DEP-51,5,0,NaN,NaN,NaN
2020-03-09,Martinique,DEP-972,3,NaN,NaN,NaN,NaN
2020-03-09,Meurthe-et-Moselle,DEP-54,11,0,NaN,NaN,NaN
2020-03-09,Meuse,DEP-55,3,0,NaN,NaN,NaN
2020-03-09,Morbihan,DEP-56,55,NaN,NaN,NaN,NaN
2020-03-09,Moselle,DEP-57,22,1,NaN,NaN,NaN
2020-03-09,Nièvre,DEP-58,0,0,NaN,NaN,NaN
2020-03-09,Nord,DEP-59,14,0,NaN,NaN,NaN
2020-03-09,Oise,DEP-60,127,9,NaN,NaN,NaN
2020-03-09,Orne,DEP-61,0,0,NaN,NaN,NaN
2020-03-09,Paris,DEP-75,27,NaN,NaN,NaN,NaN
2020-03-09,Pas-de-Calais,DEP-62,5,1,NaN,NaN,NaN
2020-03-09,Puy-de-Dôme,DEP-63,7,0,NaN,NaN,NaN
2020-03-09,Pyrénées-Atlantiques,DEP-64,2,NaN,NaN,NaN,1
2020-03-09,Rhône,DEP-69,49,1,NaN,NaN,NaN
2020-03-09,Saône-et-Loire,DEP-71,11,NaN,NaN,NaN,NaN
2020-03-09,Savoie,DEP-73,3,1,NaN,NaN,NaN
2020-03-09,Seine-et-Marne,DEP-77,13,NaN,NaN,NaN,NaN
2020-03-09,Seine-Maritime,DEP-76,10,1,NaN,NaN,NaN
2020-03-09,Seine-Saint-Denis,DEP-93,16,NaN,NaN,NaN,NaN
2020-03-09,Somme,DEP-80,9.5,2,NaN,NaN,NaN
2020-03-09,Tarn,DEP-81,2,0,NaN,NaN,NaN
2020-03-09,Tarn-et-Garonne,DEP-82,3,0,NaN,NaN,NaN
2020-03-09,Territoire de Belfort,DEP-90,44,NaN,NaN,NaN,NaN
2020-03-09,Val-d'Oise,DEP-95,45,1,NaN,NaN,NaN
2020-03-09,Val-de-Marne,DEP-94,15,NaN,NaN,NaN,NaN
2020-03-09,Var,DEP-83,9,0,NaN,NaN,NaN
2020-03-09,Vaucluse,DEP-84,3,0,NaN,NaN,NaN
2020-03-09,Vienne,DEP-86,3,NaN,NaN,NaN,NaN
2020-03-09,Vosges,DEP-88,17,1,NaN,NaN,NaN
2020-03-09,Yvelines,DEP-78,25,NaN,NaN,NaN,NaN
2020-03-10,Ain,DEP-01,23,0,NaN,NaN,NaN
2020-03-10,Aisne,DEP-02,30.5,2,NaN,NaN,NaN
2020-03-10,Alpes-de-Haute-Provence,DEP-04,2,0,NaN,NaN,NaN
2020-03-10,Alpes-Maritimes,DEP-06,23,0,NaN,NaN,NaN
2020-03-10,Ardèche,DEP-07,6,0,NaN,NaN,NaN
2020-03-10,Ardennes,DEP-08,1,0,NaN,NaN,NaN
2020-03-10,Aube,DEP-10,1,0,NaN,NaN,NaN
2020-03-10,Aude,DEP-11,22,NaN,NaN,NaN,NaN
2020-03-10,Aveyron,DEP-12,9,NaN,NaN,NaN,NaN
2020-03-10,Bas-Rhin,DEP-67,104,0,NaN,NaN,NaN
2020-03-10,Bouches-du-Rhône,DEP-13,37,0,NaN,NaN,NaN
2020-03-10,Calvados,DEP-14,2,0,NaN,NaN,NaN
2020-03-10,Charente,DEP-16,1,NaN,NaN,NaN,NaN
2020-03-10,Charente-Maritime,DEP-17,13,NaN,NaN,NaN,1
2020-03-10,Cher,DEP-18,0,0,NaN,NaN,NaN
2020-03-10,Corrèze,DEP-19,2,NaN,NaN,NaN,NaN
2020-03-10,Corse-du-Sud,DEP-2A,31.5,2,2,NaN,NaN
2020-03-10,Côte-d'Or,DEP-21,9,NaN,NaN,NaN,NaN
2020-03-10,Côtes-d'Armor,DEP-22,0,0,NaN,NaN,NaN
2020-03-10,Creuse,DEP-23,0,NaN,NaN,NaN,NaN
2020-03-10,Deux-Sèvres,DEP-79,1,NaN,NaN,NaN,NaN
2020-03-10,Dordogne,DEP-24,2,NaN,NaN,NaN,NaN
2020-03-10,Doubs,DEP-25,52,NaN,NaN,NaN,NaN
2020-03-10,Drôme,DEP-26,20,1,NaN,NaN,NaN
2020-03-10,Essonne,DEP-91,8,NaN,NaN,NaN,NaN
2020-03-10,Eure,DEP-27,11,0,NaN,NaN,NaN
2020-03-10,Eure-et-Loir,DEP-28,5,0,NaN,NaN,NaN
2020-03-10,Finistère,DEP-29,7,0,NaN,NaN,NaN
2020-03-10,Gard,DEP-30,6,NaN,NaN,NaN,NaN
2020-03-10,Gironde,DEP-33,5,NaN,NaN,NaN,NaN
2020-03-10,Haut-Rhin,DEP-68,260,3,NaN,NaN,NaN
2020-03-10,Haute-Corse,DEP-2B,6.5,0,NaN,NaN,NaN
2020-03-10,Haute-Marne,DEP-52,1,0,NaN,NaN,NaN
2020-03-10,Haute-Saône,DEP-70,7,NaN,NaN,NaN,NaN
2020-03-10,Haute-Savoie,DEP-74,71,0,NaN,NaN,8
2020-03-10,Haute-Vienne,DEP-87,0,NaN,NaN,NaN,NaN
2020-03-10,Hautes-Alpes,DEP-05,14,0,NaN,NaN,NaN
2020-03-10,Hauts-de-Seine,DEP-92,28,NaN,NaN,NaN,NaN
2020-03-10,Hérault,DEP-34,40,NaN,NaN,NaN,NaN
2020-03-10,Ille-et-Vilaine,DEP-35,11,0,NaN,NaN,NaN
2020-03-10,Indre,DEP-36,0,0,NaN,NaN,NaN
2020-03-10,Indre-et-Loire,DEP-37,5,0,NaN,NaN,NaN
2020-03-10,Isère,DEP-38,3,0,1,NaN,NaN
2020-03-10,Jura,DEP-39,6,NaN,NaN,NaN,NaN
2020-03-10,Landes,DEP-40,1,NaN,NaN,NaN,NaN
2020-03-10,Loir-et-Cher,DEP-41,0,0,NaN,NaN,NaN
2020-03-10,Loire,DEP-42,29,0,4,NaN,NaN
2020-03-10,Loire-Atlantique,DEP-44,9,NaN,NaN,NaN,NaN
2020-03-10,Loiret,DEP-45,7,0,NaN,NaN,NaN
2020-03-10,Lot-et-Garonne,DEP-47,22.5,NaN,NaN,NaN,NaN
2020-03-10,Maine-et-Loire,DEP-49,7,NaN,NaN,NaN,NaN
2020-03-10,Manche,DEP-50,6,0,NaN,NaN,NaN
2020-03-10,Marne,DEP-51,5,0,NaN,NaN,NaN
2020-03-10,Mayenne,DEP-53,1,NaN,NaN,NaN,NaN
2020-03-10,Meurthe-et-Moselle,DEP-54,11,0,NaN,NaN,NaN
2020-03-10,Meuse,DEP-55,3,0,NaN,NaN,NaN
2020-03-10,Morbihan,DEP-56,63,1,NaN,NaN,NaN
2020-03-10,Moselle,DEP-57,47,1,NaN,NaN,NaN
2020-03-10,Nièvre,DEP-58,2,0,NaN,NaN,NaN
2020-03-10,Nord,DEP-59,21,0,NaN,NaN,NaN
2020-03-10,Oise,DEP-60,152,10.5,NaN,NaN,NaN
2020-03-10,Orne,DEP-61,0,0,NaN,NaN,NaN
2020-03-10,Paris,DEP-75,44,NaN,NaN,NaN,NaN
2020-03-10,Pas-de-Calais,DEP-62,7,1,NaN,NaN,NaN
2020-03-10,Puy-de-Dôme,DEP-63,11,0,NaN,NaN,NaN
2020-03-10,Pyrénées-Atlantiques,DEP-64,2,NaN,NaN,NaN,1
2020-03-10,Rhône,DEP-69,60,1,NaN,NaN,NaN
2020-03-10,Saône-et-Loire,DEP-71,13,NaN,NaN,NaN,NaN
2020-03-10,Sarthe,DEP-72,6,NaN,NaN,NaN,NaN
2020-03-10,Savoie,DEP-73,4,1,NaN,NaN,NaN
2020-03-10,Seine-et-Marne,DEP-77,23,NaN,NaN,NaN,NaN
2020-03-10,Seine-Maritime,DEP-76,15,1,NaN,NaN,NaN
2020-03-10,Seine-Saint-Denis,DEP-93,22,NaN,NaN,NaN,NaN
2020-03-10,Somme,DEP-80,12,2,NaN,NaN,NaN
2020-03-10,Tarn,DEP-81,3,NaN,NaN,NaN,NaN
2020-03-10,Tarn-et-Garonne,DEP-82,4,NaN,NaN,NaN,NaN
2020-03-10,Territoire de Belfort,DEP-90,52,NaN,NaN,NaN,NaN
2020-03-10,Val-d'Oise,DEP-95,55,1,NaN,NaN,NaN
2020-03-10,Val-de-Marne,DEP-94,31,NaN,NaN,NaN,NaN
2020-03-10,Var,DEP-83,11,0,NaN,NaN,NaN
2020-03-10,Vaucluse,DEP-84,3,0,NaN,NaN,NaN
2020-03-10,Vendée,DEP-85,4,NaN,NaN,NaN,NaN
2020-03-10,Vienne,DEP-86,4,NaN,NaN,NaN,NaN
2020-03-10,Vosges,DEP-88,28,1,NaN,NaN,NaN
2020-03-10,Yonne,DEP-89,6,1,NaN,NaN,NaN
2020-03-10,Yvelines,DEP-78,35,NaN,NaN,NaN,NaN
2020-03-11,Ain,DEP-01,26,0,NaN,NaN,NaN
2020-03-11,Alpes-de-Haute-Provence,DEP-04,3,0,NaN,NaN,NaN
2020-03-11,Alpes-Maritimes,DEP-06,32,0,NaN,NaN,NaN
2020-03-11,Ardèche,DEP-07,6,0,NaN,NaN,NaN
2020-03-11,Ardennes,DEP-08,1,0,NaN,NaN,NaN
2020-03-11,Aube,DEP-10,1,0,NaN,NaN,NaN
2020-03-11,Aude,DEP-11,22,0,NaN,NaN,NaN
2020-03-11,Aveyron,DEP-12,9,0,NaN,NaN,NaN
2020-03-11,Bas-Rhin,DEP-67,108,3,NaN,NaN,NaN
2020-03-11,Bouches-du-Rhône,DEP-13,46,0,NaN,NaN,NaN
2020-03-11,Calvados,DEP-14,15,0,NaN,NaN,NaN
2020-03-11,Charente,DEP-16,2,NaN,NaN,NaN,NaN
2020-03-11,Charente-Maritime,DEP-17,20,NaN,NaN,NaN,1
2020-03-11,Cher,DEP-18,0,0,NaN,NaN,NaN
2020-03-11,Corrèze,DEP-19,4,NaN,NaN,NaN,NaN
2020-03-11,Corse-du-Sud,DEP-2A,42,3,2,NaN,NaN
2020-03-11,Côtes-d'Armor,DEP-22,0,0,NaN,NaN,NaN
2020-03-11,Creuse,DEP-23,0,NaN,NaN,NaN,NaN
2020-03-11,Deux-Sèvres,DEP-79,1,NaN,NaN,NaN,NaN
2020-03-11,Dordogne,DEP-24,3,NaN,NaN,NaN,NaN
2020-03-11,Doubs,DEP-25,59,1,NaN,NaN,NaN
2020-03-11,Drôme,DEP-26,24,1,NaN,NaN,NaN
2020-03-11,Essonne,DEP-91,20,NaN,NaN,NaN,NaN
2020-03-11,Eure,DEP-27,14,0,NaN,NaN,NaN
2020-03-11,Eure-et-Loir,DEP-28,5,0,NaN,NaN,NaN
2020-03-11,Finistère,DEP-29,7,0,NaN,NaN,NaN
2020-03-11,Gard,DEP-30,6,0,NaN,NaN,NaN
2020-03-11,Gers,DEP-32,3,0,NaN,NaN,NaN
2020-03-11,Gironde,DEP-33,7,NaN,NaN,NaN,NaN
2020-03-11,Guadeloupe,DEP-971,0,NaN,NaN,NaN,NaN
2020-03-11,Guyane,DEP-973,6,NaN,NaN,NaN,NaN
2020-03-11,Haut-Rhin,DEP-68,359,3,NaN,NaN,NaN
2020-03-11,Haute-Corse,DEP-2B,7.5,0,NaN,NaN,NaN
2020-03-11,Haute-Garonne,DEP-31,7,0,NaN,NaN,NaN
2020-03-11,Haute-Loire,DEP-43,4,0,NaN,NaN,NaN
2020-03-11,Haute-Marne,DEP-52,1,0,NaN,NaN,NaN
2020-03-11,Haute-Saône,DEP-70,9,NaN,NaN,NaN,NaN
2020-03-11,Haute-Savoie,DEP-74,72,0,NaN,NaN,8
2020-03-11,Haute-Vienne,DEP-87,1,NaN,NaN,NaN,NaN
2020-03-11,Hautes-Alpes,DEP-05,14,0,NaN,NaN,NaN
2020-03-11,Hautes-Pyrénées,DEP-65,1,0,NaN,NaN,NaN
2020-03-11,Hauts-de-Seine,DEP-92,47,NaN,NaN,NaN,NaN
2020-03-11,Hérault,DEP-34,59,0,NaN,NaN,NaN
2020-03-11,Ille-et-Vilaine,DEP-35,13,0,NaN,NaN,NaN
2020-03-11,Indre,DEP-36,0,0,NaN,NaN,NaN
2020-03-11,Indre-et-Loire,DEP-37,6,0,NaN,NaN,NaN
2020-03-11,Isère,DEP-38,13,0,NaN,NaN,NaN
2020-03-11,Jura,DEP-39,7,1,NaN,NaN,NaN
2020-03-11,La Réunion,DEP-974,1,NaN,NaN,NaN,NaN
2020-03-11,Landes,DEP-40,1,NaN,NaN,NaN,NaN
2020-03-11,Loir-et-Cher,DEP-41,0,0,NaN,NaN,NaN
2020-03-11,Loire,DEP-42,34,0,5,NaN,NaN
2020-03-11,Loiret,DEP-45,9,0,NaN,NaN,NaN
2020-03-11,Lot,DEP-46,3,0,NaN,NaN,NaN
2020-03-11,Lot-et-Garonne,DEP-47,23.5,NaN,NaN,NaN,NaN
2020-03-11,Manche,DEP-50,10,0,NaN,NaN,NaN
2020-03-11,Marne,DEP-51,7,1,NaN,NaN,NaN
2020-03-11,Martinique,DEP-972,4,NaN,NaN,NaN,NaN
2020-03-11,Meurthe-et-Moselle,DEP-54,14,0,NaN,NaN,NaN
2020-03-11,Meuse,DEP-55,3,0,NaN,NaN,NaN
2020-03-11,Morbihan,DEP-56,73,1.5,NaN,NaN,NaN
2020-03-11,Moselle,DEP-57,59,1,NaN,NaN,NaN
2020-03-11,Nièvre,DEP-58,2,0,NaN,NaN,NaN
2020-03-11,Oise,DEP-60,152,11,NaN,NaN,NaN
2020-03-11,Orne,DEP-61,2,0,NaN,NaN,NaN
2020-03-11,Paris,DEP-75,80,NaN,NaN,NaN,NaN
2020-03-11,Puy-de-Dôme,DEP-63,11,0,NaN,NaN,NaN
2020-03-11,Pyrénées-Atlantiques,DEP-64,2,NaN,NaN,NaN,1
2020-03-11,Rhône,DEP-69,72,1,NaN,NaN,NaN
2020-03-11,Savoie,DEP-73,4,1,NaN,NaN,NaN
2020-03-11,Seine-et-Marne,DEP-77,30,NaN,NaN,NaN,NaN
2020-03-11,Seine-Maritime,DEP-76,16,1,NaN,NaN,NaN
2020-03-11,Seine-Saint-Denis,DEP-93,29,NaN,NaN,NaN,NaN
2020-03-11,Somme,DEP-80,13,3,NaN,NaN,NaN
2020-03-11,Tarn,DEP-81,3,0,NaN,NaN,NaN
2020-03-11,Tarn-et-Garonne,DEP-82,5,0,NaN,NaN,NaN
2020-03-11,Territoire de Belfort,DEP-90,58,NaN,NaN,NaN,NaN
2020-03-11,Val-d'Oise,DEP-95,59,1,NaN,NaN,NaN
2020-03-11,Val-de-Marne,DEP-94,36,NaN,NaN,NaN,NaN
2020-03-11,Var,DEP-83,13,0,NaN,NaN,NaN
2020-03-11,Vaucluse,DEP-84,4,0,NaN,NaN,NaN
2020-03-11,Vienne,DEP-86,6,NaN,NaN,NaN,NaN
2020-03-11,Vosges,DEP-88,31,1,NaN,NaN,NaN
2020-03-11,Yonne,DEP-89,7,1,NaN,NaN,NaN
2020-03-11,Yvelines,DEP-78,56,NaN,NaN,NaN,NaN
2020-03-12,Ain,DEP-01,31,0,NaN,NaN,NaN
2020-03-12,Aisne,DEP-02,47,2,NaN,NaN,NaN
2020-03-12,Allier,DEP-03,1,0,NaN,NaN,NaN
2020-03-12,Alpes-de-Haute-Provence,DEP-04,4,0,NaN,NaN,NaN
2020-03-12,Alpes-Maritimes,DEP-06,39,0,NaN,NaN,NaN
2020-03-12,Ardèche,DEP-07,15,0,NaN,NaN,NaN
2020-03-12,Aude,DEP-11,25,0,NaN,NaN,NaN
2020-03-12,Aveyron,DEP-12,9,0,NaN,NaN,NaN
2020-03-12,Bouches-du-Rhône,DEP-13,67,0,NaN,NaN,NaN
2020-03-12,Calvados,DEP-14,20,0,NaN,2,NaN
2020-03-12,Charente,DEP-16,3,NaN,NaN,NaN,NaN
2020-03-12,Charente-Maritime,DEP-17,20,NaN,NaN,NaN,1
2020-03-12,Cher,DEP-18,1,0,NaN,NaN,NaN
2020-03-12,Corrèze,DEP-19,5,NaN,NaN,NaN,NaN
2020-03-12,Corse-du-Sud,DEP-2A,51.5,3,2,NaN,NaN
2020-03-12,Côtes-d'Armor,DEP-22,1,0,NaN,NaN,NaN
2020-03-12,Creuse,DEP-23,0,NaN,NaN,NaN,NaN
2020-03-12,Deux-Sèvres,DEP-79,1,NaN,NaN,NaN,NaN
2020-03-12,Dordogne,DEP-24,5,NaN,NaN,NaN,NaN
2020-03-12,Doubs,DEP-25,NaN,1,NaN,NaN,NaN
2020-03-12,Drôme,DEP-26,33,1,NaN,NaN,NaN
2020-03-12,Essonne,DEP-91,30,NaN,NaN,NaN,NaN
2020-03-12,Eure,DEP-27,17,0,NaN,1,NaN
2020-03-12,Eure-et-Loir,DEP-28,5,0,NaN,NaN,NaN
2020-03-12,Finistère,DEP-29,12,0,NaN,NaN,NaN
2020-03-12,Gard,DEP-30,17,0,NaN,NaN,NaN
2020-03-12,Gers,DEP-32,3,0,NaN,NaN,NaN
2020-03-12,Gironde,DEP-33,9,NaN,NaN,NaN,NaN
2020-03-12,Haute-Corse,DEP-2B,10.5,0,NaN,NaN,NaN
2020-03-12,Haute-Garonne,DEP-31,13,0,NaN,NaN,NaN
2020-03-12,Haute-Loire,DEP-43,5,0,NaN,NaN,NaN
2020-03-12,Haute-Saône,DEP-70,NaN,1,NaN,NaN,NaN
2020-03-12,Haute-Savoie,DEP-74,83,0,NaN,NaN,8
2020-03-12,Haute-Vienne,DEP-87,1,NaN,NaN,NaN,NaN
2020-03-12,Hautes-Alpes,DEP-05,15,0,NaN,NaN,NaN
2020-03-12,Hautes-Pyrénées,DEP-65,2,0,NaN,NaN,NaN
2020-03-12,Hauts-de-Seine,DEP-92,59,NaN,NaN,NaN,NaN
2020-03-12,Hérault,DEP-34,65,0,NaN,NaN,NaN
2020-03-12,Ille-et-Vilaine,DEP-35,22.5,0,NaN,NaN,NaN
2020-03-12,Indre,DEP-36,0,0,NaN,NaN,NaN
2020-03-12,Indre-et-Loire,DEP-37,13,0,NaN,NaN,NaN
2020-03-12,Isère,DEP-38,16,0,NaN,NaN,NaN
2020-03-12,Jura,DEP-39,NaN,1,NaN,NaN,NaN
2020-03-12,La Réunion,DEP-974,4,NaN,NaN,NaN,NaN
2020-03-12,Landes,DEP-40,2.5,NaN,NaN,NaN,NaN
2020-03-12,Loir-et-Cher,DEP-41,1,0,NaN,NaN,NaN
2020-03-12,Loire,DEP-42,43,0,5,NaN,NaN
2020-03-12,Loire-Atlantique,DEP-44,15,NaN,NaN,NaN,NaN
2020-03-12,Loiret,DEP-45,10,0,NaN,NaN,NaN
2020-03-12,Lot,DEP-46,3,0,NaN,NaN,NaN
2020-03-12,Lot-et-Garonne,DEP-47,25.5,NaN,NaN,NaN,NaN
2020-03-12,Maine-et-Loire,DEP-49,10,NaN,NaN,NaN,NaN
2020-03-12,Manche,DEP-50,10.5,0,NaN,2,NaN
2020-03-12,Martinique,DEP-972,6,NaN,NaN,NaN,NaN
2020-03-12,Mayenne,DEP-53,2,NaN,NaN,NaN,NaN
2020-03-12,Morbihan,DEP-56,85,3,NaN,NaN,NaN
2020-03-12,Nièvre,DEP-58,NaN,0,NaN,NaN,NaN
2020-03-12,Nord,DEP-59,34,0,NaN,NaN,NaN
2020-03-12,Oise,DEP-60,194,14.5,NaN,NaN,NaN
2020-03-12,Orne,DEP-61,2,0,NaN,1,NaN
2020-03-12,Paris,DEP-75,126,NaN,NaN,NaN,NaN
2020-03-12,Pas-de-Calais,DEP-62,8,1,NaN,NaN,NaN
2020-03-12,Puy-de-Dôme,DEP-63,13,0,NaN,NaN,NaN
2020-03-12,Pyrénées-Atlantiques,DEP-64,8,NaN,NaN,NaN,1
2020-03-12,Pyrénées-Orientales,DEP-66,3,0,NaN,NaN,NaN
2020-03-12,Rhône,DEP-69,87,5,NaN,NaN,NaN
2020-03-12,Saône-et-Loire,DEP-71,NaN,1,NaN,NaN,NaN
2020-03-12,Sarthe,DEP-72,10,NaN,NaN,NaN,NaN
2020-03-12,Savoie,DEP-73,6,1,NaN,NaN,NaN
2020-03-12,Seine-et-Marne,DEP-77,42,NaN,NaN,NaN,NaN
2020-03-12,Seine-Maritime,DEP-76,19,1,NaN,2,NaN
2020-03-12,Seine-Saint-Denis,DEP-93,45,NaN,NaN,NaN,NaN
2020-03-12,Somme,DEP-80,22,3,NaN,NaN,NaN
2020-03-12,Tarn,DEP-81,4,0,NaN,NaN,NaN
2020-03-12,Tarn-et-Garonne,DEP-82,6,0,NaN,NaN,NaN
2020-03-12,Val-d'Oise,DEP-95,60,1,NaN,NaN,NaN
2020-03-12,Val-de-Marne,DEP-94,48,NaN,NaN,NaN,NaN
2020-03-12,Var,DEP-83,22,0,NaN,NaN,NaN
2020-03-12,Vaucluse,DEP-84,4,0,NaN,NaN,NaN
2020-03-12,Vendée,DEP-85,5,NaN,NaN,NaN,NaN
2020-03-12,Vienne,DEP-86,6,NaN,NaN,NaN,NaN
2020-03-12,Yonne,DEP-89,NaN,1,NaN,NaN,NaN
2020-03-12,Yvelines,DEP-78,70,NaN,NaN,NaN,NaN
2020-03-13,Aisne,DEP-02,50,2,NaN,NaN,NaN
2020-03-13,Alpes-de-Haute-Provence,DEP-04,4,0,NaN,NaN,NaN
2020-03-13,Alpes-Maritimes,DEP-06,43,0,NaN,NaN,NaN
2020-03-13,Ardennes,DEP-08,1,NaN,NaN,NaN,NaN
2020-03-13,Aube,DEP-10,1,NaN,NaN,NaN,NaN
2020-03-13,Aude,DEP-11,25,0,NaN,NaN,NaN
2020-03-13,Aveyron,DEP-12,10,0,NaN,NaN,NaN
2020-03-13,Bas-Rhin,DEP-67,219,NaN,NaN,NaN,NaN
2020-03-13,Bouches-du-Rhône,DEP-13,93,0,NaN,NaN,NaN
2020-03-13,Calvados,DEP-14,32,0,NaN,3,NaN
2020-03-13,Charente,DEP-16,4,NaN,NaN,NaN,NaN
2020-03-13,Charente-Maritime,DEP-17,23,NaN,NaN,NaN,1
2020-03-13,Cher,DEP-18,1,0,NaN,NaN,NaN
2020-03-13,Corrèze,DEP-19,5,NaN,NaN,NaN,NaN
2020-03-13,Corse-du-Sud,DEP-2A,70,5,2,NaN,NaN
2020-03-13,Côtes-d'Armor,DEP-22,1,0,NaN,NaN,NaN
2020-03-13,Creuse,DEP-23,1,NaN,NaN,NaN,NaN
2020-03-13,Deux-Sèvres,DEP-79,2,NaN,NaN,NaN,NaN
2020-03-13,Dordogne,DEP-24,5,NaN,NaN,NaN,NaN
2020-03-13,Doubs,DEP-25,NaN,1,NaN,NaN,NaN
2020-03-13,Eure,DEP-27,22,0,NaN,4,NaN
2020-03-13,Eure-et-Loir,DEP-28,7,0,NaN,NaN,NaN
2020-03-13,Finistère,DEP-29,22,0,NaN,NaN,NaN
2020-03-13,Gard,DEP-30,21,0,NaN,NaN,NaN
2020-03-13,Gers,DEP-32,4,0,NaN,NaN,NaN
2020-03-13,Gironde,DEP-33,12,NaN,NaN,NaN,NaN
2020-03-13,Guadeloupe,DEP-971,1,NaN,NaN,NaN,NaN
2020-03-13,Guyane,DEP-973,6,NaN,NaN,NaN,NaN
2020-03-13,Haut-Rhin,DEP-68,463,NaN,NaN,NaN,NaN
2020-03-13,Haute-Corse,DEP-2B,15,0,NaN,NaN,NaN
2020-03-13,Haute-Garonne,DEP-31,25,0,NaN,NaN,NaN
2020-03-13,Haute-Marne,DEP-52,1,NaN,NaN,NaN,NaN
2020-03-13,Haute-Saône,DEP-70,NaN,1,NaN,NaN,NaN
2020-03-13,Haute-Vienne,DEP-87,2,NaN,NaN,NaN,NaN
2020-03-13,Hautes-Alpes,DEP-05,18,0,NaN,NaN,NaN
2020-03-13,Hautes-Pyrénées,DEP-65,3,0,NaN,NaN,NaN
2020-03-13,Hérault,DEP-34,69,0,NaN,NaN,NaN
2020-03-13,Ille-et-Vilaine,DEP-35,34,0,NaN,NaN,NaN
2020-03-13,Indre,DEP-36,0,0,NaN,NaN,NaN
2020-03-13,Indre-et-Loire,DEP-37,13,0,NaN,NaN,NaN
2020-03-13,Jura,DEP-39,NaN,1,NaN,NaN,NaN
2020-03-13,La Réunion,DEP-974,5,NaN,NaN,NaN,NaN
2020-03-13,Landes,DEP-40,3,NaN,NaN,NaN,NaN
2020-03-13,Loir-et-Cher,DEP-41,1,0,NaN,NaN,NaN
2020-03-13,Loire-Atlantique,DEP-44,22,NaN,NaN,NaN,NaN
2020-03-13,Loiret,DEP-45,11,0,NaN,NaN,NaN
2020-03-13,Lot,DEP-46,3,0,NaN,NaN,NaN
2020-03-13,Lot-et-Garonne,DEP-47,34,NaN,NaN,NaN,NaN
2020-03-13,Lozère,DEP-48,1,0,NaN,NaN,NaN
2020-03-13,Maine-et-Loire,DEP-49,13,NaN,NaN,NaN,NaN
2020-03-13,Manche,DEP-50,20,0,NaN,1,NaN
2020-03-13,Marne,DEP-51,20,NaN,NaN,NaN,NaN
2020-03-13,Mayenne,DEP-53,4,NaN,NaN,NaN,NaN
2020-03-13,Meurthe-et-Moselle,DEP-54,35,NaN,NaN,NaN,NaN
2020-03-13,Meuse,DEP-55,6,NaN,NaN,NaN,NaN
2020-03-13,Morbihan,DEP-56,100,3,NaN,NaN,NaN
2020-03-13,Moselle,DEP-57,114,NaN,NaN,NaN,NaN
2020-03-13,Nièvre,DEP-58,NaN,0,NaN,NaN,NaN
2020-03-13,Nord,DEP-59,36,0,NaN,NaN,NaN
2020-03-13,Oise,DEP-60,202,18,NaN,NaN,NaN
2020-03-13,Orne,DEP-61,2,0,NaN,1,NaN
2020-03-13,Pas-de-Calais,DEP-62,8,1,NaN,NaN,NaN
2020-03-13,Pyrénées-Atlantiques,DEP-64,7,NaN,NaN,NaN,1
2020-03-13,Pyrénées-Orientales,DEP-66,4,0,NaN,NaN,NaN
2020-03-13,Saône-et-Loire,DEP-71,NaN,1,NaN,NaN,NaN
2020-03-13,Sarthe,DEP-72,11,NaN,NaN,NaN,NaN
2020-03-13,Seine-Maritime,DEP-76,21,1,NaN,2,NaN
2020-03-13,Somme,DEP-80,29,5,NaN,NaN,NaN
2020-03-13,Tarn,DEP-81,4,0,NaN,NaN,NaN
2020-03-13,Tarn-et-Garonne,DEP-82,6,0,NaN,NaN,NaN
2020-03-13,Var,DEP-83,48,0,NaN,NaN,NaN
2020-03-13,Vaucluse,DEP-84,5,0,NaN,NaN,NaN
2020-03-13,Vendée,DEP-85,6,NaN,NaN,NaN,NaN
2020-03-13,Vienne,DEP-86,6,NaN,NaN,NaN,NaN
2020-03-13,Vosges,DEP-88,44,NaN,NaN,NaN,NaN
2020-03-13,Yonne,DEP-89,NaN,1,NaN,NaN,NaN
2020-03-14,Ain,DEP-01,43,0,NaN,NaN,NaN
2020-03-14,Aisne,DEP-02,59,2,NaN,NaN,NaN
2020-03-14,Allier,DEP-03,2,0,NaN,NaN,NaN
2020-03-14,Ardèche,DEP-07,20,0,NaN,NaN,NaN
2020-03-14,Ardennes,DEP-08,1,NaN,NaN,NaN,NaN
2020-03-14,Aube,DEP-10,1,NaN,NaN,NaN,NaN
2020-03-14,Aude,DEP-11,28,NaN,NaN,NaN,NaN
2020-03-14,Aveyron,DEP-12,13,NaN,NaN,NaN,NaN
2020-03-14,Bas-Rhin,DEP-67,239,NaN,NaN,NaN,NaN
2020-03-14,Calvados,DEP-14,50,0,NaN,3,NaN
2020-03-14,Cantal,DEP-15,0,0,NaN,NaN,NaN
2020-03-14,Charente,DEP-16,4,NaN,NaN,NaN,NaN
2020-03-14,Charente-Maritime,DEP-17,25,NaN,NaN,NaN,1
2020-03-14,Cher,DEP-18,2,0,NaN,NaN,NaN
2020-03-14,Corrèze,DEP-19,5,NaN,NaN,NaN,NaN
2020-03-14,Corse-du-Sud,DEP-2A,84,5,2,NaN,NaN
2020-03-14,Côtes-d'Armor,DEP-22,4,0,NaN,NaN,NaN
2020-03-14,Creuse,DEP-23,1,NaN,NaN,NaN,NaN
2020-03-14,Deux-Sèvres,DEP-79,3,NaN,NaN,NaN,NaN
2020-03-14,Dordogne,DEP-24,7,NaN,NaN,NaN,NaN
2020-03-14,Doubs,DEP-25,NaN,1,NaN,NaN,NaN
2020-03-14,Drôme,DEP-26,45,1,NaN,NaN,NaN
2020-03-14,Eure,DEP-27,25,0,NaN,4,NaN
2020-03-14,Eure-et-Loir,DEP-28,15,0,NaN,NaN,NaN
2020-03-14,Finistère,DEP-29,34,0,NaN,NaN,NaN
2020-03-14,Gard,DEP-30,22,NaN,NaN,NaN,NaN
2020-03-14,Gers,DEP-32,6,NaN,NaN,NaN,NaN
2020-03-14,Gironde,DEP-33,18,NaN,NaN,NaN,NaN
2020-03-14,Guadeloupe,DEP-971,5,NaN,NaN,NaN,NaN
2020-03-14,Guyane,DEP-973,7,NaN,NaN,NaN,NaN
2020-03-14,Haut-Rhin,DEP-68,494,NaN,NaN,NaN,NaN
2020-03-14,Haute-Corse,DEP-2B,22,0,NaN,NaN,NaN
2020-03-14,Haute-Garonne,DEP-31,37,NaN,NaN,NaN,NaN
2020-03-14,Haute-Loire,DEP-43,7,0,NaN,NaN,NaN
2020-03-14,Haute-Marne,DEP-52,2,NaN,NaN,NaN,NaN
2020-03-14,Haute-Saône,DEP-70,NaN,1,NaN,NaN,NaN
2020-03-14,Haute-Savoie,DEP-74,92,2,NaN,NaN,8
2020-03-14,Haute-Vienne,DEP-87,2,NaN,NaN,NaN,NaN
2020-03-14,Hautes-Pyrénées,DEP-65,5,NaN,NaN,NaN,NaN
2020-03-14,Hérault,DEP-34,76,NaN,NaN,NaN,NaN
2020-03-14,Ille-et-Vilaine,DEP-35,34,0,NaN,NaN,NaN
2020-03-14,Indre,DEP-36,0,0,NaN,NaN,NaN
2020-03-14,Indre-et-Loire,DEP-37,18,0,NaN,NaN,NaN
2020-03-14,Isère,DEP-38,29,0,NaN,NaN,NaN
2020-03-14,Jura,DEP-39,NaN,1,NaN,NaN,NaN
2020-03-14,Landes,DEP-40,3,NaN,NaN,NaN,NaN
2020-03-14,Loir-et-Cher,DEP-41,2,0,NaN,NaN,NaN
2020-03-14,Loire,DEP-42,54,1,5,NaN,NaN
2020-03-14,Loire-Atlantique,DEP-44,32,NaN,NaN,NaN,NaN
2020-03-14,Loiret,DEP-45,17,0,NaN,NaN,NaN
2020-03-14,Lot,DEP-46,3,NaN,NaN,NaN,NaN
2020-03-14,Lot-et-Garonne,DEP-47,38,NaN,NaN,NaN,NaN
2020-03-14,Lozère,DEP-48,1,NaN,NaN,NaN,NaN
2020-03-14,Maine-et-Loire,DEP-49,23,NaN,NaN,NaN,NaN
2020-03-14,Manche,DEP-50,27,0,NaN,1,NaN
2020-03-14,Marne,DEP-51,21,NaN,NaN,NaN,NaN
2020-03-14,Mayenne,DEP-53,5,NaN,NaN,NaN,NaN
2020-03-14,Mayotte,DEP-976,1,NaN,NaN,1,NaN
2020-03-14,Meurthe-et-Moselle,DEP-54,38,NaN,NaN,NaN,NaN
2020-03-14,Meuse,DEP-55,6,NaN,NaN,NaN,NaN
2020-03-14,Morbihan,DEP-56,106,3,NaN,NaN,NaN
2020-03-14,Moselle,DEP-57,122,NaN,NaN,NaN,NaN
2020-03-14,Nièvre,DEP-58,NaN,0,NaN,NaN,NaN
2020-03-14,Nord,DEP-59,39,0,NaN,NaN,NaN
2020-03-14,Oise,DEP-60,210,21,NaN,NaN,NaN
2020-03-14,Orne,DEP-61,2,0,NaN,1,NaN
2020-03-14,Pas-de-Calais,DEP-62,8,1,NaN,NaN,NaN
2020-03-14,Puy-de-Dôme,DEP-63,16,0,NaN,NaN,NaN
2020-03-14,Pyrénées-Atlantiques,DEP-64,13,NaN,NaN,NaN,1
2020-03-14,Pyrénées-Orientales,DEP-66,6,NaN,NaN,NaN,NaN
2020-03-14,Rhône,DEP-69,123,7,NaN,NaN,NaN
2020-03-14,Saône-et-Loire,DEP-71,NaN,1,NaN,NaN,NaN
2020-03-14,Sarthe,DEP-72,14,NaN,NaN,NaN,NaN
2020-03-14,Savoie,DEP-73,18,1,NaN,NaN,NaN
2020-03-14,Seine-Maritime,DEP-76,23,1,NaN,3,NaN
2020-03-14,Somme,DEP-80,54,5,NaN,NaN,NaN
2020-03-14,Tarn,DEP-81,7,NaN,NaN,NaN,NaN
2020-03-14,Tarn-et-Garonne,DEP-82,6,NaN,NaN,NaN,NaN
2020-03-14,Territoire de Belfort,DEP-90,NaN,1,NaN,NaN,NaN
2020-03-14,Vendée,DEP-85,8,NaN,NaN,NaN,NaN
2020-03-14,Vienne,DEP-86,9,NaN,NaN,NaN,NaN
2020-03-14,Vosges,DEP-88,44,NaN,NaN,NaN,NaN
2020-03-14,Yonne,DEP-89,NaN,1,NaN,NaN,NaN
2020-03-15,Ain,DEP-01,52,0,NaN,NaN,NaN
2020-03-15,Allier,DEP-03,4,0,NaN,NaN,NaN
2020-03-15,Ardèche,DEP-07,24,0,NaN,NaN,NaN
2020-03-15,Ardennes,DEP-08,1,NaN,NaN,NaN,NaN
2020-03-15,Ariège,DEP-09,1,NaN,NaN,NaN,NaN
2020-03-15,Aube,DEP-10,7,NaN,NaN,NaN,NaN
2020-03-15,Aude,DEP-11,32,NaN,NaN,NaN,NaN
2020-03-15,Aveyron,DEP-12,16,NaN,NaN,NaN,NaN
2020-03-15,Bas-Rhin,DEP-67,323,NaN,NaN,NaN,NaN
2020-03-15,Calvados,DEP-14,57,0,NaN,4,NaN
2020-03-15,Cantal,DEP-15,0,0,NaN,NaN,NaN
2020-03-15,Charente,DEP-16,4,NaN,NaN,NaN,NaN
2020-03-15,Charente-Maritime,DEP-17,25,NaN,NaN,NaN,1
2020-03-15,Corrèze,DEP-19,5,NaN,NaN,NaN,NaN
2020-03-15,Corse-du-Sud,DEP-2A,93,5,2,NaN,NaN
2020-03-15,Côtes-d'Armor,DEP-22,4,0,NaN,NaN,NaN
2020-03-15,Creuse,DEP-23,2,NaN,NaN,NaN,NaN
2020-03-15,Deux-Sèvres,DEP-79,3,NaN,NaN,NaN,NaN
2020-03-15,Dordogne,DEP-24,7,NaN,NaN,NaN,NaN
2020-03-15,Doubs,DEP-25,NaN,1,NaN,NaN,NaN
2020-03-15,Drôme,DEP-26,46,1,NaN,NaN,NaN
2020-03-15,Eure,DEP-27,25,0,NaN,5,NaN
2020-03-15,Finistère,DEP-29,34,0,NaN,NaN,NaN
2020-03-15,Gard,DEP-30,23,NaN,NaN,NaN,NaN
2020-03-15,Gers,DEP-32,7,NaN,NaN,NaN,NaN
2020-03-15,Gironde,DEP-33,19,1,NaN,NaN,NaN
2020-03-15,Guadeloupe,DEP-971,5,NaN,NaN,NaN,NaN
2020-03-15,Guyane,DEP-973,11,NaN,NaN,NaN,NaN
2020-03-15,Haut-Rhin,DEP-68,688,NaN,NaN,NaN,NaN
2020-03-15,Haute-Corse,DEP-2B,22,0,NaN,NaN,NaN
2020-03-15,Haute-Garonne,DEP-31,40,NaN,NaN,NaN,NaN
2020-03-15,Haute-Loire,DEP-43,7,0,NaN,NaN,NaN
2020-03-15,Haute-Marne,DEP-52,3,NaN,NaN,NaN,NaN
2020-03-15,Haute-Saône,DEP-70,NaN,1,NaN,NaN,NaN
2020-03-15,Haute-Savoie,DEP-74,115,2,NaN,NaN,8
2020-03-15,Haute-Vienne,DEP-87,2,NaN,NaN,NaN,NaN
2020-03-15,Hautes-Pyrénées,DEP-65,5,NaN,NaN,NaN,NaN
2020-03-15,Hérault,DEP-34,99,NaN,NaN,NaN,NaN
2020-03-15,Ille-et-Vilaine,DEP-35,43,0,NaN,NaN,NaN
2020-03-15,Isère,DEP-38,34,0,NaN,NaN,NaN
2020-03-15,Jura,DEP-39,NaN,1,NaN,NaN,NaN
2020-03-15,Landes,DEP-40,4,NaN,NaN,NaN,NaN
2020-03-15,Loire,DEP-42,64,1,NaN,NaN,NaN
2020-03-15,Loire-Atlantique,DEP-44,39,NaN,NaN,NaN,NaN
2020-03-15,Lot,DEP-46,3,NaN,NaN,NaN,NaN
2020-03-15,Lot-et-Garonne,DEP-47,41,NaN,NaN,NaN,NaN
2020-03-15,Lozère,DEP-48,3,NaN,NaN,NaN,NaN
2020-03-15,Maine-et-Loire,DEP-49,27,NaN,NaN,NaN,NaN
2020-03-15,Manche,DEP-50,28,0,NaN,1,NaN
2020-03-15,Marne,DEP-51,22,NaN,NaN,NaN,NaN
2020-03-15,Mayenne,DEP-53,5,NaN,NaN,NaN,NaN
2020-03-15,Meurthe-et-Moselle,DEP-54,60,NaN,NaN,NaN,NaN
2020-03-15,Meuse,DEP-55,10,NaN,NaN,NaN,NaN
2020-03-15,Morbihan,DEP-56,114,3,NaN,NaN,NaN
2020-03-15,Moselle,DEP-57,197,NaN,NaN,NaN,NaN
2020-03-15,Nièvre,DEP-58,NaN,0,NaN,NaN,NaN
2020-03-15,Orne,DEP-61,3,0,NaN,1,NaN
2020-03-15,Puy-de-Dôme,DEP-63,19,0,NaN,NaN,NaN
2020-03-15,Pyrénées-Atlantiques,DEP-64,18,NaN,NaN,NaN,1
2020-03-15,Pyrénées-Orientales,DEP-66,11,NaN,NaN,NaN,NaN
2020-03-15,Rhône,DEP-69,136,7,NaN,NaN,NaN
2020-03-15,Saône-et-Loire,DEP-71,NaN,1,NaN,NaN,NaN
2020-03-15,Sarthe,DEP-72,19,NaN,NaN,NaN,NaN
2020-03-15,Savoie,DEP-73,22,1,NaN,NaN,NaN
2020-03-15,Seine-Maritime,DEP-76,30,1,NaN,8,NaN
2020-03-15,Tarn,DEP-81,7,NaN,NaN,NaN,NaN
2020-03-15,Tarn-et-Garonne,DEP-82,7,NaN,NaN,NaN,NaN
2020-03-15,Territoire de Belfort,DEP-90,NaN,1,NaN,NaN,NaN
2020-03-15,Vendée,DEP-85,9,NaN,NaN,NaN,NaN
2020-03-15,Vienne,DEP-86,10,1,NaN,NaN,NaN
2020-03-15,Vosges,DEP-88,59,NaN,NaN,NaN,NaN
2020-03-15,Yonne,DEP-89,NaN,1,NaN,NaN,NaN
2020-03-16,Ain,DEP-01,59,1,NaN,NaN,NaN
2020-03-16,Aisne,DEP-02,NaN,4,NaN,NaN,NaN
2020-03-16,Allier,DEP-03,5,0,NaN,NaN,NaN
2020-03-16,Ardèche,DEP-07,29,0,NaN,NaN,NaN
2020-03-16,Ardennes,DEP-08,1,NaN,NaN,NaN,NaN
2020-03-16,Ariège,DEP-09,2,NaN,NaN,NaN,NaN
2020-03-16,Aube,DEP-10,12,NaN,NaN,NaN,NaN
2020-03-16,Aude,DEP-11,34,NaN,NaN,NaN,NaN
2020-03-16,Aveyron,DEP-12,16,NaN,NaN,NaN,NaN
2020-03-16,Bas-Rhin,DEP-67,354,NaN,NaN,NaN,NaN
2020-03-16,Cantal,DEP-15,0,0,NaN,NaN,NaN
2020-03-16,Charente,DEP-16,4,NaN,NaN,NaN,NaN
2020-03-16,Charente-Maritime,DEP-17,27,NaN,NaN,NaN,NaN
2020-03-16,Cher,DEP-18,5,0,NaN,NaN,NaN
2020-03-16,Corrèze,DEP-19,5,NaN,NaN,NaN,NaN
2020-03-16,Corse-du-Sud,DEP-2A,102,7,2,NaN,NaN
2020-03-16,Côtes-d'Armor,DEP-22,5,0,NaN,NaN,NaN
2020-03-16,Creuse,DEP-23,2,NaN,NaN,NaN,NaN
2020-03-16,Deux-Sèvres,DEP-79,4,NaN,NaN,NaN,NaN
2020-03-16,Dordogne,DEP-24,7,NaN,NaN,NaN,NaN
2020-03-16,Doubs,DEP-25,NaN,1,NaN,NaN,NaN
2020-03-16,Drôme,DEP-26,69,1,NaN,NaN,NaN
2020-03-16,Eure-et-Loir,DEP-28,25,0,NaN,NaN,NaN
2020-03-16,Finistère,DEP-29,35,0,NaN,NaN,NaN
2020-03-16,Gard,DEP-30,27,NaN,NaN,NaN,NaN
2020-03-16,Gers,DEP-32,9,NaN,NaN,NaN,NaN
2020-03-16,Gironde,DEP-33,24,1,NaN,NaN,NaN
2020-03-16,Guadeloupe,DEP-971,18,NaN,1,2,NaN
2020-03-16,Haut-Rhin,DEP-68,688,NaN,NaN,NaN,NaN
2020-03-16,Haute-Corse,DEP-2B,24,0,NaN,NaN,NaN
2020-03-16,Haute-Garonne,DEP-31,47,NaN,NaN,NaN,NaN
2020-03-16,Haute-Loire,DEP-43,7,0,NaN,NaN,NaN
2020-03-16,Haute-Marne,DEP-52,3,NaN,NaN,NaN,NaN
2020-03-16,Haute-Saône,DEP-70,NaN,1,NaN,NaN,NaN
2020-03-16,Haute-Savoie,DEP-74,126,5,NaN,NaN,NaN
2020-03-16,Haute-Vienne,DEP-87,2,NaN,NaN,NaN,NaN
2020-03-16,Hautes-Pyrénées,DEP-65,6,NaN,NaN,NaN,NaN
2020-03-16,Hérault,DEP-34,109,NaN,NaN,NaN,NaN
2020-03-16,Ille-et-Vilaine,DEP-35,44,0,NaN,NaN,NaN
2020-03-16,Indre,DEP-36,1,0,NaN,NaN,NaN
2020-03-16,Indre-et-Loire,DEP-37,22,0,NaN,NaN,NaN
2020-03-16,Isère,DEP-38,35,1,NaN,NaN,NaN
2020-03-16,Jura,DEP-39,NaN,1,NaN,NaN,NaN
2020-03-16,Landes,DEP-40,5,NaN,NaN,NaN,NaN
2020-03-16,Loir-et-Cher,DEP-41,5,0,NaN,NaN,NaN
2020-03-16,Loire,DEP-42,76,1,NaN,NaN,NaN
2020-03-16,Loiret,DEP-45,32,0,NaN,NaN,NaN
2020-03-16,Lot,DEP-46,3,NaN,NaN,NaN,NaN
2020-03-16,Lot-et-Garonne,DEP-47,44,NaN,NaN,NaN,NaN
2020-03-16,Lozère,DEP-48,3,NaN,NaN,NaN,NaN
2020-03-16,Marne,DEP-51,37,NaN,NaN,NaN,NaN
2020-03-16,Martinique,DEP-972,16,0,NaN,NaN,NaN
2020-03-16,Meurthe-et-Moselle,DEP-54,66,NaN,NaN,NaN,NaN
2020-03-16,Meuse,DEP-55,10,NaN,NaN,NaN,NaN
2020-03-16,Morbihan,DEP-56,129,3,NaN,NaN,NaN
2020-03-16,Moselle,DEP-57,222,NaN,NaN,NaN,NaN
2020-03-16,Nièvre,DEP-58,NaN,0,NaN,NaN,NaN
2020-03-16,Nord,DEP-59,NaN,0,NaN,NaN,NaN
2020-03-16,Oise,DEP-60,NaN,28,NaN,NaN,NaN
2020-03-16,Pas-de-Calais,DEP-62,NaN,1,NaN,NaN,NaN
2020-03-16,Puy-de-Dôme,DEP-63,20,0,NaN,NaN,NaN
2020-03-16,Pyrénées-Atlantiques,DEP-64,18,NaN,NaN,NaN,NaN
2020-03-16,Pyrénées-Orientales,DEP-66,11,NaN,NaN,NaN,NaN
2020-03-16,Rhône,DEP-69,164,10,NaN,NaN,NaN
2020-03-16,Saône-et-Loire,DEP-71,NaN,1,NaN,NaN,NaN
2020-03-16,Savoie,DEP-73,26,1,NaN,NaN,NaN
2020-03-16,Somme,DEP-80,NaN,6,NaN,NaN,NaN
2020-03-16,Tarn,DEP-81,10,NaN,NaN,NaN,NaN
2020-03-16,Tarn-et-Garonne,DEP-82,7,NaN,NaN,NaN,NaN
2020-03-16,Territoire de Belfort,DEP-90,NaN,1,NaN,NaN,NaN
2020-03-16,Vienne,DEP-86,14,1,NaN,NaN,NaN
2020-03-16,Vosges,DEP-88,61,NaN,NaN,NaN,NaN
2020-03-16,Yonne,DEP-89,NaN,1,NaN,NaN,NaN
2020-03-17,Ain,DEP-01,75,3,NaN,NaN,NaN
2020-03-17,Aisne,DEP-02,NaN,4,NaN,NaN,NaN
2020-03-17,Allier,DEP-03,7,0,NaN,NaN,NaN
2020-03-17,Alpes-de-Haute-Provence,DEP-04,7,0,NaN,NaN,NaN
2020-03-17,Alpes-Maritimes,DEP-06,104,NaN,NaN,NaN,NaN
2020-03-17,Ardèche,DEP-07,40,0,NaN,NaN,NaN
2020-03-17,Ardennes,DEP-08,3,NaN,NaN,NaN,NaN
2020-03-17,Ariège,DEP-09,2,NaN,NaN,NaN,NaN
2020-03-17,Aube,DEP-10,14,NaN,NaN,NaN,NaN
2020-03-17,Aude,DEP-11,38,NaN,NaN,NaN,NaN
2020-03-17,Aveyron,DEP-12,16,NaN,NaN,NaN,NaN
2020-03-17,Bas-Rhin,DEP-67,376,NaN,NaN,NaN,NaN
2020-03-17,Bouches-du-Rhône,DEP-13,237,NaN,NaN,NaN,NaN
2020-03-17,Cantal,DEP-15,1,0,NaN,NaN,NaN
2020-03-17,Charente,DEP-16,4,NaN,NaN,NaN,NaN
2020-03-17,Charente-Maritime,DEP-17,30,NaN,NaN,NaN,NaN
2020-03-17,Cher,DEP-18,6,0,NaN,NaN,NaN
2020-03-17,Corrèze,DEP-19,5,NaN,NaN,NaN,NaN
2020-03-17,Corse-du-Sud,DEP-2A,121,NaN,NaN,NaN,NaN
2020-03-17,Côtes-d'Armor,DEP-22,11,0,NaN,NaN,NaN
2020-03-17,Creuse,DEP-23,4,NaN,NaN,NaN,NaN
2020-03-17,Deux-Sèvres,DEP-79,5,NaN,NaN,NaN,NaN
2020-03-17,Dordogne,DEP-24,7,NaN,NaN,NaN,NaN
2020-03-17,Drôme,DEP-26,71,1,NaN,NaN,NaN
2020-03-17,Eure-et-Loir,DEP-28,28,1,NaN,NaN,NaN
2020-03-17,Finistère,DEP-29,43,0,NaN,NaN,NaN
2020-03-17,Gard,DEP-30,32,NaN,NaN,NaN,NaN
2020-03-17,Gers,DEP-32,9,NaN,NaN,NaN,NaN
2020-03-17,Gironde,DEP-33,34,1,NaN,NaN,NaN
2020-03-17,Guadeloupe,DEP-971,27,NaN,2,3,NaN
2020-03-17,Haut-Rhin,DEP-68,700,NaN,NaN,NaN,NaN
2020-03-17,Haute-Corse,DEP-2B,24,NaN,NaN,NaN,NaN
2020-03-17,Haute-Garonne,DEP-31,48,NaN,NaN,NaN,NaN
2020-03-17,Haute-Loire,DEP-43,7,0,NaN,NaN,NaN
2020-03-17,Haute-Marne,DEP-52,7,NaN,NaN,NaN,NaN
2020-03-17,Haute-Savoie,DEP-74,141,5,NaN,NaN,NaN
2020-03-17,Haute-Vienne,DEP-87,3,NaN,NaN,NaN,NaN
2020-03-17,Hautes-Alpes,DEP-05,25,0,NaN,NaN,NaN
2020-03-17,Hautes-Pyrénées,DEP-65,6,NaN,NaN,NaN,NaN
2020-03-17,Hérault,DEP-34,119,NaN,NaN,NaN,NaN
2020-03-17,Ille-et-Vilaine,DEP-35,50,0,NaN,NaN,NaN
2020-03-17,Indre,DEP-36,1,0,NaN,NaN,NaN
2020-03-17,Indre-et-Loire,DEP-37,25,0,NaN,NaN,NaN
2020-03-17,Isère,DEP-38,44,1,NaN,NaN,NaN
2020-03-17,Landes,DEP-40,10,NaN,NaN,NaN,NaN
2020-03-17,Loir-et-Cher,DEP-41,9,0,NaN,NaN,NaN
2020-03-17,Loire,DEP-42,87,1,NaN,NaN,NaN
2020-03-17,Loiret,DEP-45,34,0,NaN,NaN,NaN
2020-03-17,Lot,DEP-46,3,NaN,NaN,NaN,NaN
2020-03-17,Lot-et-Garonne,DEP-47,47,NaN,NaN,NaN,NaN
2020-03-17,Lozère,DEP-48,8,NaN,NaN,NaN,NaN
2020-03-17,Marne,DEP-51,37,NaN,NaN,NaN,NaN
2020-03-17,Mayotte,DEP-976,3,NaN,NaN,3,NaN
2020-03-17,Meurthe-et-Moselle,DEP-54,85,NaN,NaN,NaN,NaN
2020-03-17,Meuse,DEP-55,18,NaN,NaN,NaN,NaN
2020-03-17,Morbihan,DEP-56,132,3,NaN,NaN,NaN
2020-03-17,Moselle,DEP-57,295,NaN,NaN,NaN,NaN
2020-03-17,Nord,DEP-59,NaN,0,NaN,NaN,NaN
2020-03-17,Oise,DEP-60,NaN,34,NaN,NaN,NaN
2020-03-17,Pas-de-Calais,DEP-62,NaN,1,NaN,NaN,NaN
2020-03-17,Puy-de-Dôme,DEP-63,26,0,NaN,NaN,NaN
2020-03-17,Pyrénées-Atlantiques,DEP-64,20,NaN,NaN,NaN,NaN
2020-03-17,Pyrénées-Orientales,DEP-66,14,NaN,NaN,NaN,NaN
2020-03-17,Rhône,DEP-69,181,12,NaN,NaN,NaN
2020-03-17,Savoie,DEP-73,26,1,NaN,NaN,NaN
2020-03-17,Somme,DEP-80,NaN,7,NaN,NaN,NaN
2020-03-17,Tarn,DEP-81,11,NaN,NaN,NaN,NaN
2020-03-17,Tarn-et-Garonne,DEP-82,7,NaN,NaN,NaN,NaN
2020-03-17,Var,DEP-83,95,NaN,NaN,NaN,NaN
2020-03-17,Vaucluse,DEP-84,13,0,NaN,NaN,NaN
2020-03-17,Vienne,DEP-86,21,1,NaN,NaN,NaN
2020-03-17,Vosges,DEP-88,66,NaN,NaN,NaN,NaN
2020-03-18,Ain,DEP-01,77,1.5,0,2,1
2020-03-18,Aisne,DEP-02,NaN,10,10,41,18
2020-03-18,Allier,DEP-03,9,0,0,4,1
2020-03-18,Alpes-de-Haute-Provence,DEP-04,7,0,1,3,2
2020-03-18,Alpes-Maritimes,DEP-06,110,2,1,25,47
2020-03-18,Ardèche,DEP-07,47,0,1,12,0
2020-03-18,Ardennes,DEP-08,NaN,0,0,0,1
2020-03-18,Ariège,DEP-09,2,0,1,1,2
2020-03-18,Aube,DEP-10,NaN,0,0,5,0
2020-03-18,Aude,DEP-11,42,3,7,8,9
2020-03-18,Aveyron,DEP-12,22,0,2,7,1
2020-03-18,Bas-Rhin,DEP-67,NaN,15,58,210,4
2020-03-18,Bouches-du-Rhône,DEP-13,303,4,11,98,59
2020-03-18,Calvados,DEP-14,71,0,1,4,0
2020-03-18,Cantal,DEP-15,5,0,1,2,0
2020-03-18,Charente,DEP-16,4,0,0,1,0
2020-03-18,Charente-Maritime,DEP-17,32,0,2,5,2
2020-03-18,Cher,DEP-18,6,0,0,0,0
2020-03-18,Corrèze,DEP-19,7,0,0,0,0
2020-03-18,Corse-du-Sud,DEP-2A,128,0,0,0,0
2020-03-18,Côte-d'Or,DEP-21,NaN,0,16,60,4
2020-03-18,Côtes-d'Armor,DEP-22,12,0,1,1,3
2020-03-18,Creuse,DEP-23,4,0,0,0,0
2020-03-18,Deux-Sèvres,DEP-79,6,0,1,2,2
2020-03-18,Dordogne,DEP-24,7,0,1,2,1
2020-03-18,Doubs,DEP-25,NaN,1,3,26,8
2020-03-18,Drôme,DEP-26,77,1,2,17,0
2020-03-18,Essonne,DEP-91,NaN,1,16,51,0
2020-03-18,Eure,DEP-27,29,0,0,0,0
2020-03-18,Eure-et-Loir,DEP-28,34,1,3,5,0
2020-03-18,Finistère,DEP-29,51,0,5,13,3
2020-03-18,Gard,DEP-30,39,0,3,5,6
2020-03-18,Gers,DEP-32,12,0,1,1,0
2020-03-18,Gironde,DEP-33,42,1,4,7,3
2020-03-18,Guadeloupe,DEP-971,NaN,0,0,0,0
2020-03-18,Guyane,DEP-973,15,0,0,0,2.5
2020-03-18,Haut-Rhin,DEP-68,NaN,74,77,371,116
2020-03-18,Haute-Corse,DEP-2B,24,0,0,0,0
2020-03-18,Haute-Garonne,DEP-31,57,0,5,23,11
2020-03-18,Haute-Loire,DEP-43,7,0,1,1,5
2020-03-18,Haute-Marne,DEP-52,NaN,1,0,4,0
2020-03-18,Haute-Saône,DEP-70,NaN,0,4,14,2
2020-03-18,Haute-Savoie,DEP-74,161,5.5,8,31,43
2020-03-18,Haute-Vienne,DEP-87,4,0,0,2,2
2020-03-18,Hautes-Alpes,DEP-05,32,0,1,8,9
2020-03-18,Hautes-Pyrénées,DEP-65,7,0,0,0,0
2020-03-18,Hauts-de-Seine,DEP-92,NaN,4,48,149,22
2020-03-18,Hérault,DEP-34,137,2,15,37,18
2020-03-18,Ille-et-Vilaine,DEP-35,55,0,3,7,0
2020-03-18,Indre,DEP-36,4,0,0,0,0
2020-03-18,Indre-et-Loire,DEP-37,36,0,1,4,0
2020-03-18,Isère,DEP-38,58,1,2,18,0
2020-03-18,Jura,DEP-39,NaN,0,1,2,1
2020-03-18,La Réunion,DEP-974,NaN,0,2,2,0
2020-03-18,Landes,DEP-40,10,0,0,0,0
2020-03-18,Loir-et-Cher,DEP-41,11,0,0,0,0
2020-03-18,Loire,DEP-42,120,1,10,31,3
2020-03-18,Loire-Atlantique,DEP-44,NaN,1,3,18,7
2020-03-18,Loiret,DEP-45,37,0,1,5,0
2020-03-18,Lot,DEP-46,4,0,0,0,1
2020-03-18,Lot-et-Garonne,DEP-47,53,0,4,10,1
2020-03-18,Lozère,DEP-48,8,0,0,1,0
2020-03-18,Maine-et-Loire,DEP-49,NaN,0,1,12,26
2020-03-18,Manche,DEP-50,42,0,0,7,1
2020-03-18,Marne,DEP-51,NaN,1,7,35,6
2020-03-18,Martinique,DEP-972,NaN,1,5,16,0
2020-03-18,Mayenne,DEP-53,NaN,0,0,4,2
2020-03-18,Mayotte,DEP-976,3,0,0,1.5,0
2020-03-18,Meurthe-et-Moselle,DEP-54,NaN,5,19,42,1
2020-03-18,Meuse,DEP-55,NaN,0,3,11,0
2020-03-18,Morbihan,DEP-56,134,7,14,39,63
2020-03-18,Moselle,DEP-57,NaN,16,34,169,11
2020-03-18,Nièvre,DEP-58,NaN,0,0,0,0
2020-03-18,Nord,DEP-59,NaN,2,26,106,16
2020-03-18,Oise,DEP-60,NaN,20.5,22,94,18
2020-03-18,Orne,DEP-61,9,0,0,4,2
2020-03-18,Paris,DEP-75,NaN,14,105,359,40
2020-03-18,Pas-de-Calais,DEP-62,NaN,0.5,9,22,16
2020-03-18,Puy-de-Dôme,DEP-63,31,0,2,10,3
2020-03-18,Pyrénées-Atlantiques,DEP-64,21,0,0,5,0
2020-03-18,Pyrénées-Orientales,DEP-66,26,0,5,9,1
2020-03-18,Rhône,DEP-69,220,6.5,8,36,10
2020-03-18,Saône-et-Loire,DEP-71,NaN,5,0,35,4
2020-03-18,Sarthe,DEP-72,NaN,0,0,9,1
2020-03-18,Savoie,DEP-73,34,0.5,0,8,3
2020-03-18,Seine-et-Marne,DEP-77,NaN,0,13,25,10
2020-03-18,Seine-Maritime,DEP-76,57,3,3,30,3
2020-03-18,Seine-Saint-Denis,DEP-93,NaN,5,33,92,15
2020-03-18,Somme,DEP-80,NaN,5,20,50,9
2020-03-18,Tarn,DEP-81,13,0,0,2,2
2020-03-18,Tarn-et-Garonne,DEP-82,8,1,0,1,0
2020-03-18,Territoire de Belfort,DEP-90,NaN,0,9,25,0
2020-03-18,Val-d'Oise,DEP-95,NaN,2,29,90,21
2020-03-18,Val-de-Marne,DEP-94,NaN,5,32,122,16
2020-03-18,Var,DEP-83,103,0,7,23,78
2020-03-18,Vaucluse,DEP-84,15,1,3,9,7
2020-03-18,Vendée,DEP-85,NaN,0,0,1,0
2020-03-18,Vienne,DEP-86,25,1,0,7,0
2020-03-18,Vosges,DEP-88,NaN,8,6,32,7
2020-03-18,Yonne,DEP-89,NaN,0,0,6,1
2020-03-18,Yvelines,DEP-78,NaN,5,18,69,5
2020-03-19,Ain,DEP-01,84,2.5,0,2,1
2020-03-19,Aisne,DEP-02,NaN,16,15,43,33
2020-03-19,Allier,DEP-03,10,0,0,0,7
2020-03-19,Alpes-de-Haute-Provence,DEP-04,8,0,1,3,3
2020-03-19,Alpes-Maritimes,DEP-06,133,2,5,33,48
2020-03-19,Ardèche,DEP-07,48,0,2,11,0
2020-03-19,Ardennes,DEP-08,NaN,0,0,0,1
2020-03-19,Ariège,DEP-09,3,0,1,1,2
2020-03-19,Aube,DEP-10,NaN,0,1,6,0
2020-03-19,Aude,DEP-11,44,6,11,18,8
2020-03-19,Aveyron,DEP-12,29,1,2,9,2
2020-03-19,Bas-Rhin,DEP-67,NaN,18,82,302,13
2020-03-19,Bouches-du-Rhône,DEP-13,377,4,20,128,97
2020-03-19,Calvados,DEP-14,76,0,1,4,1
2020-03-19,Cantal,DEP-15,10,0,1,3,0
2020-03-19,Charente,DEP-16,5,0,0,0,2
2020-03-19,Charente-Maritime,DEP-17,33,0,2,7,2
2020-03-19,Cher,DEP-18,8,0,0,0,0
2020-03-19,Corrèze,DEP-19,12,0,0,1,0
2020-03-19,Corse-du-Sud,DEP-2A,138,1,0,1,1
2020-03-19,Côte-d'Or,DEP-21,NaN,2,19,53,28
2020-03-19,Côtes-d'Armor,DEP-22,16,0,1,2,3
2020-03-19,Creuse,DEP-23,5,0,0,0,0
2020-03-19,Deux-Sèvres,DEP-79,7,0,1,3,3
2020-03-19,Dordogne,DEP-24,7,0,1,2,1
2020-03-19,Doubs,DEP-25,NaN,2,11,33,10
2020-03-19,Drôme,DEP-26,86,1.5,8,32,2
2020-03-19,Essonne,DEP-91,NaN,1,22,82,4
2020-03-19,Eure,DEP-27,35,1,1,1,0
2020-03-19,Eure-et-Loir,DEP-28,41,1,4,11,0
2020-03-19,Finistère,DEP-29,60,0,5,17,6
2020-03-19,Gard,DEP-30,44,1,1,4,7
2020-03-19,Gers,DEP-32,14,0,3,3,0
2020-03-19,Gironde,DEP-33,54,1.5,5,7,7
2020-03-19,Guadeloupe,DEP-971,45,0,1.5,4,0
2020-03-19,Guyane,DEP-973,15,0,0,0,2.5
2020-03-19,Haut-Rhin,DEP-68,NaN,91,73,437,131
2020-03-19,Haute-Corse,DEP-2B,26,0,0,0,0
2020-03-19,Haute-Garonne,DEP-31,72,1,6,26,13
2020-03-19,Haute-Loire,DEP-43,8,0,1,1,5
2020-03-19,Haute-Marne,DEP-52,NaN,1,0,4,0
2020-03-19,Haute-Saône,DEP-70,NaN,0,3,14,3
2020-03-19,Haute-Savoie,DEP-74,199,6.5,11,37,49
2020-03-19,Haute-Vienne,DEP-87,8,0,1,6,2
2020-03-19,Hautes-Alpes,DEP-05,31,0,1,10,10
2020-03-19,Hautes-Pyrénées,DEP-65,11,0,1,2,0
2020-03-19,Hauts-de-Seine,DEP-92,NaN,7,54,206,31
2020-03-19,Hérault,DEP-34,171,4,18,49,21
2020-03-19,Ille-et-Vilaine,DEP-35,58,0,8,16,15
2020-03-19,Indre,DEP-36,5,0,0,3,0
2020-03-19,Indre-et-Loire,DEP-37,41,0,3,6,0
2020-03-19,Isère,DEP-38,66,1,2,22,3
2020-03-19,Jura,DEP-39,NaN,0,1,2,1
2020-03-19,La Réunion,DEP-974,NaN,0,2,2,0
2020-03-19,Landes,DEP-40,14,0,0,0,0
2020-03-19,Loir-et-Cher,DEP-41,12,0,0,2,1
2020-03-19,Loire,DEP-42,145,2.5,18,48,8
2020-03-19,Loire-Atlantique,DEP-44,NaN,1,6,24,9
2020-03-19,Loiret,DEP-45,50,0,3,9,0
2020-03-19,Lot,DEP-46,4,0,0,0,1
2020-03-19,Lot-et-Garonne,DEP-47,59,0,1,10,1
2020-03-19,Lozère,DEP-48,8,0,0,1,0
2020-03-19,Maine-et-Loire,DEP-49,NaN,0,3,16,28
2020-03-19,Manche,DEP-50,44,0,0,6,2
2020-03-19,Marne,DEP-51,NaN,2,7,39,14
2020-03-19,Martinique,DEP-972,NaN,1,5,17,0
2020-03-19,Mayenne,DEP-53,NaN,0,1,5,3
2020-03-19,Mayotte,DEP-976,4,0,0,1.5,0
2020-03-19,Meurthe-et-Moselle,DEP-54,NaN,6,23,54,1
2020-03-19,Meuse,DEP-55,NaN,0,3,35,4
2020-03-19,Morbihan,DEP-56,134,9,12,42,53
2020-03-19,Moselle,DEP-57,NaN,19,46,194,15
2020-03-19,Nièvre,DEP-58,NaN,0,0,0,0
2020-03-19,Nord,DEP-59,NaN,4,35,138,36
2020-03-19,Oise,DEP-60,NaN,26.5,21,109,23
2020-03-19,Orne,DEP-61,9,0,0,2,3
2020-03-19,Paris,DEP-75,NaN,22,122,453,62
2020-03-19,Pas-de-Calais,DEP-62,NaN,0.5,11,30,25
2020-03-19,Puy-de-Dôme,DEP-63,34,0,1,9,4
2020-03-19,Pyrénées-Atlantiques,DEP-64,27,0.5,0,9,1
2020-03-19,Pyrénées-Orientales,DEP-66,35,3,11,19,3
2020-03-19,Rhône,DEP-69,267,16,33,210,48
2020-03-19,Saône-et-Loire,DEP-71,NaN,5,3,48,7
2020-03-19,Sarthe,DEP-72,NaN,0,0,8,5
2020-03-19,Savoie,DEP-73,47,0.5,2,10,5
2020-03-19,Seine-et-Marne,DEP-77,NaN,0,13,48,15
2020-03-19,Seine-Maritime,DEP-76,77,4,4,33,3
2020-03-19,Seine-Saint-Denis,DEP-93,NaN,5,45,143,21
2020-03-19,Somme,DEP-80,NaN,7.5,23,74,12
2020-03-19,Tarn,DEP-81,14,0,1,5,2
2020-03-19,Tarn-et-Garonne,DEP-82,11,1,0,1,0
2020-03-19,Territoire de Belfort,DEP-90,NaN,3,9,39,0
2020-03-19,Val-d'Oise,DEP-95,NaN,5,37,150,32
2020-03-19,Val-de-Marne,DEP-94,NaN,10,47,182,41
2020-03-19,Var,DEP-83,124,2,13,27,86
2020-03-19,Vaucluse,DEP-84,17,1,4,12,9
2020-03-19,Vendée,DEP-85,NaN,0,1,5,5
2020-03-19,Vienne,DEP-86,33,1,0,7,0
2020-03-19,Vosges,DEP-88,NaN,11,6,38,8
2020-03-19,Yonne,DEP-89,NaN,2,1,5,1
2020-03-19,Yvelines,DEP-78,NaN,6,20,92,7
2020-03-20,Ain,DEP-01,NaN,0,0,2,1
2020-03-20,Aisne,DEP-02,NaN,21,19,52,40
2020-03-20,Allier,DEP-03,NaN,0,0,1,10
2020-03-20,Alpes-de-Haute-Provence,DEP-04,15,0,1,3,3
2020-03-20,Alpes-Maritimes,DEP-06,142,4,7,43,61
2020-03-20,Ardèche,DEP-07,NaN,1,3,15,3
2020-03-20,Ardennes,DEP-08,NaN,0,1,1,1
2020-03-20,Ariège,DEP-09,NaN,0,1,2,2
2020-03-20,Aube,DEP-10,NaN,0,2,12,0
2020-03-20,Aude,DEP-11,NaN,8,11,26,13
2020-03-20,Aveyron,DEP-12,NaN,1,2,12,3
2020-03-20,Bas-Rhin,DEP-67,NaN,28,92,366,42
2020-03-20,Bouches-du-Rhône,DEP-13,408,4,26,174,108
2020-03-20,Calvados,DEP-14,85,1,1,4,3
2020-03-20,Cantal,DEP-15,NaN,0,1,4,0
2020-03-20,Charente,DEP-16,6,0,0,1,2
2020-03-20,Charente-Maritime,DEP-17,38,0,3,9,2
2020-03-20,Cher,DEP-18,11,0,0,0,0
2020-03-20,Corrèze,DEP-19,15,0,0,1,0
2020-03-20,Corse-du-Sud,DEP-2A,142,3,14,60,10
2020-03-20,Côte-d'Or,DEP-21,NaN,3,31,82,37
2020-03-20,Côtes-d'Armor,DEP-22,21,1,0,5,3
2020-03-20,Creuse,DEP-23,9,0,0,0,0
2020-03-20,Deux-Sèvres,DEP-79,8,0,1,5,8
2020-03-20,Dordogne,DEP-24,8,0,3,3,2
2020-03-20,Doubs,DEP-25,NaN,4,15,43,13
2020-03-20,Drôme,DEP-26,NaN,2,9,38,2
2020-03-20,Essonne,DEP-91,NaN,3,28,122,7
2020-03-20,Eure,DEP-27,36,1,1,4,0
2020-03-20,Eure-et-Loir,DEP-28,46,1,2,12,0
2020-03-20,Finistère,DEP-29,79,1,4,20,6
2020-03-20,Gard,DEP-30,NaN,1,1,8,7
2020-03-20,Gers,DEP-32,NaN,0,3,3,0
2020-03-20,Gironde,DEP-33,63,1.5,5,10,12
2020-03-20,Guadeloupe,DEP-971,51,0.5,2,5.5,0
2020-03-20,Guyane,DEP-973,18,0,0,0,3
2020-03-20,Haut-Rhin,DEP-68,NaN,105,91,509,170
2020-03-20,Haute-Corse,DEP-2B,26,0,0,6,23
2020-03-20,Haute-Garonne,DEP-31,NaN,2,10.5,36,16
2020-03-20,Haute-Loire,DEP-43,NaN,0,2,2,6
2020-03-20,Haute-Marne,DEP-52,NaN,4,0,8,5
2020-03-20,Haute-Saône,DEP-70,NaN,0,6,26,5
2020-03-20,Haute-Savoie,DEP-74,NaN,6,9,54,53
2020-03-20,Haute-Vienne,DEP-87,12,0,2,7,2
2020-03-20,Hautes-Alpes,DEP-05,34,0,1,13,10
2020-03-20,Hautes-Pyrénées,DEP-65,NaN,0,1,2,0
2020-03-20,Hauts-de-Seine,DEP-92,NaN,11,74,254,50
2020-03-20,Hérault,DEP-34,NaN,4.5,21,61,24
2020-03-20,Ille-et-Vilaine,DEP-35,72,1,9,20,17
2020-03-20,Indre,DEP-36,9,0,1,4,0
2020-03-20,Indre-et-Loire,DEP-37,49,0.5,5,12,0
2020-03-20,Isère,DEP-38,NaN,1,2,27,10
2020-03-20,Jura,DEP-39,NaN,0,1,6,2
2020-03-20,La Réunion,DEP-974,NaN,0,2,2,0
2020-03-20,Landes,DEP-40,15,0,0,0,0
2020-03-20,Loir-et-Cher,DEP-41,20,0,0,4,0
2020-03-20,Loire,DEP-42,NaN,4,17,63,9
2020-03-20,Loire-Atlantique,DEP-44,NaN,1,10,30,11
2020-03-20,Loiret,DEP-45,84,0,5,26,2
2020-03-20,Lot,DEP-46,NaN,0,0,0,2
2020-03-20,Lot-et-Garonne,DEP-47,63,0,1,10,1
2020-03-20,Lozère,DEP-48,NaN,0,0,1,0
2020-03-20,Maine-et-Loire,DEP-49,NaN,0,4,22,38
2020-03-20,Manche,DEP-50,47,0,4,12,2
2020-03-20,Marne,DEP-51,NaN,2,11,54,26
2020-03-20,Martinique,DEP-972,NaN,1,5,19,0
2020-03-20,Mayenne,DEP-53,NaN,0,2,7,3
2020-03-20,Mayotte,DEP-976,6,0,0.5,2,0
2020-03-20,Meurthe-et-Moselle,DEP-54,NaN,7,26,65,2
2020-03-20,Meuse,DEP-55,NaN,0,5,46,6
2020-03-20,Morbihan,DEP-56,134,9,12,49,29
2020-03-20,Moselle,DEP-57,NaN,23,61,257,24
2020-03-20,Nièvre,DEP-58,NaN,0,1,1,0
2020-03-20,Nord,DEP-59,NaN,4.5,39,112,35
2020-03-20,Oise,DEP-60,NaN,31,28,123,30
2020-03-20,Orne,DEP-61,10,0,1,3.5,4
2020-03-20,Paris,DEP-75,NaN,30,145,575,98
2020-03-20,Pas-de-Calais,DEP-62,NaN,1,20,50,35
2020-03-20,Puy-de-Dôme,DEP-63,NaN,0,1,4,9
2020-03-20,Pyrénées-Atlantiques,DEP-64,32,1,0,8,2
2020-03-20,Pyrénées-Orientales,DEP-66,NaN,4.5,15,26,3
2020-03-20,Rhône,DEP-69,NaN,19,41,236,68
2020-03-20,Saône-et-Loire,DEP-71,NaN,8,5,53,10
2020-03-20,Sarthe,DEP-72,NaN,0,0,8,5
2020-03-20,Savoie,DEP-73,NaN,0,2,17,8
2020-03-20,Seine-et-Marne,DEP-77,NaN,2,31,79,21
2020-03-20,Seine-Maritime,DEP-76,109,5,6,47,5
2020-03-20,Seine-Saint-Denis,DEP-93,NaN,19,62,201,35
2020-03-20,Somme,DEP-80,NaN,8.5,30,95,16
2020-03-20,Tarn,DEP-81,NaN,0,1,6,3
2020-03-20,Tarn-et-Garonne,DEP-82,NaN,1,0,1,0
2020-03-20,Territoire de Belfort,DEP-90,NaN,5,9,49,0
2020-03-20,Val-d'Oise,DEP-95,NaN,10,51,192,56
2020-03-20,Val-de-Marne,DEP-94,NaN,12,60,226,67
2020-03-20,Var,DEP-83,132,2,17,35,88
2020-03-20,Vaucluse,DEP-84,24,1,3,13,10
2020-03-20,Vendée,DEP-85,NaN,0,1,6,5
2020-03-20,Vienne,DEP-86,34,1,0,11,0
2020-03-20,Vosges,DEP-88,NaN,14,5,46,8
2020-03-20,Yonne,DEP-89,NaN,2,3,10,1
2020-03-20,Yvelines,DEP-78,NaN,12,33,136,16
2020-03-21,Ain,DEP-01,92,2.5,0,4,1
2020-03-21,Aisne,DEP-02,NaN,22,20,61,49
2020-03-21,Allier,DEP-03,18,0,0,5,10
2020-03-21,Alpes-de-Haute-Provence,DEP-04,17,0,1,4,3
2020-03-21,Alpes-Maritimes,DEP-06,174,6,7,46,61
2020-03-21,Ardèche,DEP-07,55,1.5,3,15,3
2020-03-21,Ardennes,DEP-08,NaN,0,1,3,1
2020-03-21,Ariège,DEP-09,NaN,0,1,2,3
2020-03-21,Aube,DEP-10,NaN,0,2,12,0
2020-03-21,Aude,DEP-11,NaN,10,9,25,13
2020-03-21,Aveyron,DEP-12,NaN,1,2,10,4
2020-03-21,Bas-Rhin,DEP-67,NaN,31,108,420,51
2020-03-21,Bouches-du-Rhône,DEP-13,572,4,33,203,128
2020-03-21,Calvados,DEP-14,99,1,3,7.5,3
2020-03-21,Cantal,DEP-15,12,0,1,5,0
2020-03-21,Charente,DEP-16,7,0,1,3,2
2020-03-21,Charente-Maritime,DEP-17,42,0.5,4,11,2
2020-03-21,Cher,DEP-18,11,0,0,0,0
2020-03-21,Corrèze,DEP-19,18,0.5,0,1,0
2020-03-21,Corse-du-Sud,DEP-2A,NaN,4,14,62,12
2020-03-21,Côte-d'Or,DEP-21,NaN,3,30,79,45
2020-03-21,Côtes-d'Armor,DEP-22,27,1,1,7,3
2020-03-21,Creuse,DEP-23,12,0,0,1,0
2020-03-21,Deux-Sèvres,DEP-79,10,0,1,5,8
2020-03-21,Dordogne,DEP-24,10,0,3,4,2
2020-03-21,Doubs,DEP-25,NaN,6,21,48,19
2020-03-21,Drôme,DEP-26,93,4,9,43,2
2020-03-21,Essonne,DEP-91,NaN,5,35,151,8
2020-03-21,Eure,DEP-27,40,0,3,7,0
2020-03-21,Eure-et-Loir,DEP-28,51,1.5,2,13,1
2020-03-21,Finistère,DEP-29,91,1,2,20,6
2020-03-21,Gard,DEP-30,NaN,1,1,7,11
2020-03-21,Gers,DEP-32,NaN,0,3,4,0
2020-03-21,Gironde,DEP-33,73,2.5,15,39,12
2020-03-21,Guadeloupe,DEP-971,56,0,2.5,7,0
2020-03-21,Guyane,DEP-973,19,0,0,0,3
2020-03-21,Haut-Rhin,DEP-68,NaN,121,94,517,196
2020-03-21,Haute-Corse,DEP-2B,NaN,0,0,6,23
2020-03-21,Haute-Garonne,DEP-31,NaN,2,14,51.5,17
2020-03-21,Haute-Loire,DEP-43,11,0,2,4,6
2020-03-21,Haute-Marne,DEP-52,NaN,4,0,9,5
2020-03-21,Haute-Saône,DEP-70,NaN,0,6,26,5
2020-03-21,Haute-Savoie,DEP-74,240,7.5,9,54,56
2020-03-21,Haute-Vienne,DEP-87,15,1,2,8,2
2020-03-21,Hautes-Alpes,DEP-05,35,0,1,13,10
2020-03-21,Hautes-Pyrénées,DEP-65,NaN,0,1,5,0
2020-03-21,Hauts-de-Seine,DEP-92,NaN,17,81,298,71
2020-03-21,Hérault,DEP-34,NaN,4.5,23,66,33
2020-03-21,Ille-et-Vilaine,DEP-35,84,1,10,20,18
2020-03-21,Indre,DEP-36,15,0,2,5,0
2020-03-21,Indre-et-Loire,DEP-37,61,0.5,4,12,1
2020-03-21,Isère,DEP-38,103,1,2,30,13
2020-03-21,Jura,DEP-39,NaN,0,1,7,2
2020-03-21,La Réunion,DEP-974,NaN,0,2,2,0
2020-03-21,Landes,DEP-40,18,0,0,0,0
2020-03-21,Loir-et-Cher,DEP-41,24,0,0,4,0
2020-03-21,Loire,DEP-42,174,5.5,18,71,12
2020-03-21,Loire-Atlantique,DEP-44,NaN,1,11,38,12
2020-03-21,Loiret,DEP-45,92,0,6,30,3
2020-03-21,Lot,DEP-46,NaN,0,0,1,5
2020-03-21,Lot-et-Garonne,DEP-47,64,0,1,13,1
2020-03-21,Lozère,DEP-48,NaN,0,0,1,0
2020-03-21,Maine-et-Loire,DEP-49,NaN,2,6,22,35
2020-03-21,Manche,DEP-50,63,0,4,16,2
2020-03-21,Marne,DEP-51,NaN,2,16,67,27
2020-03-21,Martinique,DEP-972,NaN,1,5,19,0
2020-03-21,Mayenne,DEP-53,NaN,0,2,7,3
2020-03-21,Mayotte,DEP-976,9,0,0.5,2,0
2020-03-21,Meurthe-et-Moselle,DEP-54,NaN,9,35,76,2
2020-03-21,Meuse,DEP-55,NaN,1,6,60,7
2020-03-21,Morbihan,DEP-56,157,12,11,62,28
2020-03-21,Moselle,DEP-57,NaN,25,64,286,34
2020-03-21,Nièvre,DEP-58,NaN,0,1,1,0
2020-03-21,Nord,DEP-59,NaN,4.5,43,79,17
2020-03-21,Oise,DEP-60,NaN,33.5,28,138,43
2020-03-21,Orne,DEP-61,15,0,1,4,3
2020-03-21,Paris,DEP-75,NaN,36,165,649,122
2020-03-21,Pas-de-Calais,DEP-62,NaN,1.5,18,44,27
2020-03-21,Puy-de-Dôme,DEP-63,47,0,1,4,10
2020-03-21,Pyrénées-Atlantiques,DEP-64,40,1,1,10,2
2020-03-21,Pyrénées-Orientales,DEP-66,NaN,5,15,25,3
2020-03-21,Rhône,DEP-69,337,24.5,41,272,71
2020-03-21,Saône-et-Loire,DEP-71,NaN,10,6,50,14
2020-03-21,Sarthe,DEP-72,NaN,0,0,9,5
2020-03-21,Savoie,DEP-73,71,1,2,18,8
2020-03-21,Seine-et-Marne,DEP-77,NaN,3,36,89,21
2020-03-21,Seine-Maritime,DEP-76,128,5,10,60.5,6
2020-03-21,Seine-Saint-Denis,DEP-93,NaN,20,66,220,37
2020-03-21,Somme,DEP-80,NaN,12,35,102,21
2020-03-21,Tarn,DEP-81,NaN,1,1,8,3
2020-03-21,Tarn-et-Garonne,DEP-82,NaN,1,1,3,0
2020-03-21,Territoire de Belfort,DEP-90,NaN,6,11,61,2
2020-03-21,Val-d'Oise,DEP-95,NaN,14,56,238,70
2020-03-21,Val-de-Marne,DEP-94,NaN,13,67,268,79
2020-03-21,Var,DEP-83,159,2,19,40,98
2020-03-21,Vaucluse,DEP-84,32,1,5,20,10
2020-03-21,Vendée,DEP-85,NaN,0,2,4,7
2020-03-21,Vienne,DEP-86,48,1,0,12,1
2020-03-21,Vosges,DEP-88,NaN,16,6,55,8
2020-03-21,Yonne,DEP-89,NaN,2,3,11,1
2020-03-21,Yvelines,DEP-78,NaN,14,39,174,30
2020-03-22,Ain,DEP-01,97,2.5,1,8,2
2020-03-22,Aisne,DEP-02,NaN,24.5,21,69,55
2020-03-22,Allier,DEP-03,27,0.5,0,5,10
2020-03-22,Alpes-de-Haute-Provence,DEP-04,22,0,1,4,3
2020-03-22,Alpes-Maritimes,DEP-06,194,7,8,45,63
2020-03-22,Ardèche,DEP-07,57,1.5,3,22,3
2020-03-22,Ardennes,DEP-08,NaN,0,1,4,1
2020-03-22,Ariège,DEP-09,NaN,0,1,2,3
2020-03-22,Aube,DEP-10,NaN,0,4,21,0
2020-03-22,Aude,DEP-11,NaN,9,9,27,13
2020-03-22,Aveyron,DEP-12,NaN,1,2,13,4
2020-03-22,Bas-Rhin,DEP-67,NaN,38,110,463,51
2020-03-22,Bouches-du-Rhône,DEP-13,827,4,41,247,133
2020-03-22,Calvados,DEP-14,129,1,4,15.5,3
2020-03-22,Cantal,DEP-15,17,0,1,5,0
2020-03-22,Charente,DEP-16,10,1,3,5,2
2020-03-22,Charente-Maritime,DEP-17,49,0.5,4,12,5
2020-03-22,Cher,DEP-18,12,0,0,0,0
2020-03-22,Corrèze,DEP-19,23,1,0,4,0
2020-03-22,Corse-du-Sud,DEP-2A,NaN,6,13,58,13
2020-03-22,Côte-d'Or,DEP-21,NaN,4,31,101,73
2020-03-22,Côtes-d'Armor,DEP-22,33,1,1,7,3
2020-03-22,Creuse,DEP-23,12,0,0,1,0
2020-03-22,Deux-Sèvres,DEP-79,11,1,1,8,11
2020-03-22,Dordogne,DEP-24,13,0,3,6,2
2020-03-22,Doubs,DEP-25,NaN,8,21,63,20
2020-03-22,Drôme,DEP-26,99,5.5,11,46,3
2020-03-22,Essonne,DEP-91,NaN,4,47,196,12
2020-03-22,Eure,DEP-27,53,0,4,12,0
2020-03-22,Eure-et-Loir,DEP-28,58,1.5,2,15,2
2020-03-22,Finistère,DEP-29,99,2,2,19,9
2020-03-22,Gard,DEP-30,NaN,2,1,13,10
2020-03-22,Gers,DEP-32,NaN,0,3,4,0
2020-03-22,Gironde,DEP-33,106,2.5,23,54,13
2020-03-22,Guadeloupe,DEP-971,58,0,6,11,0
2020-03-22,Guyane,DEP-973,20,0,0,0,3
2020-03-22,Haut-Rhin,DEP-68,NaN,136,90,538,221
2020-03-22,Haute-Corse,DEP-2B,NaN,0,0,6,23
2020-03-22,Haute-Garonne,DEP-31,NaN,2,16,55,23
2020-03-22,Haute-Loire,DEP-43,13,0,2,5,7
2020-03-22,Haute-Marne,DEP-52,NaN,4,2,13,5
2020-03-22,Haute-Saône,DEP-70,NaN,0,6,26,5
2020-03-22,Haute-Savoie,DEP-74,256,8.5,11,64,58
2020-03-22,Haute-Vienne,DEP-87,21,1,2,13,2
2020-03-22,Hautes-Alpes,DEP-05,42,0,1,14,11
2020-03-22,Hautes-Pyrénées,DEP-65,NaN,0,1,6,1
2020-03-22,Hauts-de-Seine,DEP-92,NaN,21,95,378,87
2020-03-22,Hérault,DEP-34,NaN,4,22,66,38
2020-03-22,Ille-et-Vilaine,DEP-35,91,1,13,27,18
2020-03-22,Indre,DEP-36,27,0,2,5,0
2020-03-22,Indre-et-Loire,DEP-37,64,0.5,5,13,1
2020-03-22,Isère,DEP-38,117,1.5,2,36,14
2020-03-22,Jura,DEP-39,NaN,0,1,8,2
2020-03-22,La Réunion,DEP-974,NaN,0,2,2,0
2020-03-22,Landes,DEP-40,20,0,0,0,0
2020-03-22,Loir-et-Cher,DEP-41,28,0,0,4,0
2020-03-22,Loire,DEP-42,217,7.5,23,98,16
2020-03-22,Loire-Atlantique,DEP-44,NaN,2,12,50,14
2020-03-22,Loiret,DEP-45,102,0.5,12,37,7
2020-03-22,Lot,DEP-46,NaN,0,0,1,5
2020-03-22,Lot-et-Garonne,DEP-47,65,0,2,15,1
2020-03-22,Lozère,DEP-48,NaN,0,0,2,1
2020-03-22,Maine-et-Loire,DEP-49,NaN,2,6,22,40
2020-03-22,Manche,DEP-50,87,0,5,19,3
2020-03-22,Marne,DEP-51,NaN,3,19,92,27
2020-03-22,Martinique,DEP-972,NaN,1,5,19,0
2020-03-22,Mayenne,DEP-53,NaN,0,2,9,3
2020-03-22,Mayotte,DEP-976,11,0,0.5,2,0
2020-03-22,Meurthe-et-Moselle,DEP-54,NaN,16,57,105,12
2020-03-22,Meuse,DEP-55,NaN,1,6,60,7
2020-03-22,Morbihan,DEP-56,174,13,15,77,29
2020-03-22,Moselle,DEP-57,NaN,32,72,332,51
2020-03-22,Nièvre,DEP-58,NaN,0,1,1,0
2020-03-22,Nord,DEP-59,NaN,7.5,43,96,20
2020-03-22,Oise,DEP-60,NaN,34.5,28,147,47
2020-03-22,Orne,DEP-61,23,0,1,4,3
2020-03-22,Paris,DEP-75,NaN,40,195,728,145
2020-03-22,Pas-de-Calais,DEP-62,NaN,1.5,20,49,30
2020-03-22,Puy-de-Dôme,DEP-63,57,0,2,4,11
2020-03-22,Pyrénées-Atlantiques,DEP-64,41,1,1,15,2
2020-03-22,Pyrénées-Orientales,DEP-66,NaN,5,20,60,4
2020-03-22,Rhône,DEP-69,381,30.5,48,326,80
2020-03-22,Saône-et-Loire,DEP-71,NaN,12,6,65,36
2020-03-22,Sarthe,DEP-72,NaN,0,0,11,6
2020-03-22,Savoie,DEP-73,72,1,2,22,8
2020-03-22,Seine-et-Marne,DEP-77,NaN,3,41,127,23
2020-03-22,Seine-Maritime,DEP-76,170,7,11,71.5,6
2020-03-22,Seine-Saint-Denis,DEP-93,NaN,23,75,263,41
2020-03-22,Somme,DEP-80,NaN,14,39,124,21
2020-03-22,Tarn,DEP-81,NaN,1,2,10,4
2020-03-22,Tarn-et-Garonne,DEP-82,NaN,1,1,3,0
2020-03-22,Territoire de Belfort,DEP-90,NaN,14,14,68,28
2020-03-22,Val-d'Oise,DEP-95,NaN,18,66,281,81
2020-03-22,Val-de-Marne,DEP-94,NaN,17,78,306,90
2020-03-22,Var,DEP-83,186,2,22,56,106
2020-03-22,Vaucluse,DEP-84,45,1,5,22,11
2020-03-22,Vendée,DEP-85,NaN,0,5,7,8
2020-03-22,Vienne,DEP-86,53,1,1,13,1
2020-03-22,Vosges,DEP-88,NaN,22,9,62,16
2020-03-22,Yonne,DEP-89,NaN,2,3,13,1
2020-03-22,Yvelines,DEP-78,NaN,14,43,206,34
2020-03-23,Ain,DEP-01,116,2.5,3,17,7
2020-03-23,Aisne,DEP-02,NaN,26,23,91,62
2020-03-23,Allier,DEP-03,32,1,0,9,16
2020-03-23,Alpes-de-Haute-Provence,DEP-04,NaN,0,1,4,3
2020-03-23,Alpes-Maritimes,DEP-06,NaN,8,13,66,63
2020-03-23,Ardèche,DEP-07,67,2,3,29,3
2020-03-23,Ardennes,DEP-08,NaN,0,3,6,1
2020-03-23,Ariège,DEP-09,NaN,0,3,3,3
2020-03-23,Aube,DEP-10,NaN,2,6.5,33,0
2020-03-23,Aude,DEP-11,NaN,10,13,36,13
2020-03-23,Aveyron,DEP-12,NaN,1,2,14,4
2020-03-23,Bas-Rhin,DEP-67,NaN,50,153,545,77
2020-03-23,Bouches-du-Rhône,DEP-13,NaN,4,64,311,168
2020-03-23,Calvados,DEP-14,130,1,6,24.5,5
2020-03-23,Cantal,DEP-15,27,0,2,5,0
2020-03-23,Charente,DEP-16,NaN,1,4,6,2
2020-03-23,Charente-Maritime,DEP-17,NaN,0,6,13,6
2020-03-23,Cher,DEP-18,12,0,0,0,0
2020-03-23,Corrèze,DEP-19,NaN,2,1,6,0
2020-03-23,Corse-du-Sud,DEP-2A,163,7,8,42,14
2020-03-23,Côte-d'Or,DEP-21,NaN,13,34,113,84
2020-03-23,Côtes-d'Armor,DEP-22,36,1,1,9,3
2020-03-23,Creuse,DEP-23,NaN,0,0,2,0
2020-03-23,Deux-Sèvres,DEP-79,NaN,1,1,8,12
2020-03-23,Dordogne,DEP-24,NaN,0,3,20,11
2020-03-23,Doubs,DEP-25,NaN,10,22,65,25
2020-03-23,Drôme,DEP-26,112,8,16,58,5
2020-03-23,Essonne,DEP-91,NaN,4,66,253,18
2020-03-23,Eure,DEP-27,62,0,4,15,0
2020-03-23,Eure-et-Loir,DEP-28,73,2,10,34,2
2020-03-23,Finistère,DEP-29,112,4,1,22,9
2020-03-23,Gard,DEP-30,NaN,2,5,15,11
2020-03-23,Gers,DEP-32,NaN,0,3,5,0
2020-03-23,Gironde,DEP-33,NaN,3,24,68,19
2020-03-23,Guadeloupe,DEP-971,62,0,6,12,0
2020-03-23,Guyane,DEP-973,23,0,0,0,3
2020-03-23,Haut-Rhin,DEP-68,NaN,157,95.5,634,233
2020-03-23,Haute-Corse,DEP-2B,40,0,0,6,31
2020-03-23,Haute-Garonne,DEP-31,NaN,2,19,71,26
2020-03-23,Haute-Loire,DEP-43,15,0,3,7,7
2020-03-23,Haute-Marne,DEP-52,NaN,4,7.5,13,6
2020-03-23,Haute-Saône,DEP-70,NaN,0,6,26,5
2020-03-23,Haute-Savoie,DEP-74,272,12.5,20,92,63
2020-03-23,Haute-Vienne,DEP-87,NaN,1,2,17,2
2020-03-23,Hautes-Alpes,DEP-05,NaN,0,3,19,13
2020-03-23,Hautes-Pyrénées,DEP-65,NaN,0,1,7,2
2020-03-23,Hauts-de-Seine,DEP-92,NaN,28,126,496,112
2020-03-23,Hérault,DEP-34,NaN,9,29,82,42
2020-03-23,Ille-et-Vilaine,DEP-35,105,1,14,34,20
2020-03-23,Indre,DEP-36,43,2,5,16,0
2020-03-23,Indre-et-Loire,DEP-37,71,2,6,18,1
2020-03-23,Isère,DEP-38,155,3,7,51,19
2020-03-23,Jura,DEP-39,NaN,0,1,10,2
2020-03-23,La Réunion,DEP-974,NaN,0,2,2,0
2020-03-23,Landes,DEP-40,NaN,0,0,4,0
2020-03-23,Loir-et-Cher,DEP-41,33,0,1,6,1
2020-03-23,Loire,DEP-42,267,9.5,25,123,20
2020-03-23,Loire-Atlantique,DEP-44,NaN,3,15,57,14
2020-03-23,Loiret,DEP-45,129,2,16,43,11
2020-03-23,Lot,DEP-46,NaN,0,0,2,4
2020-03-23,Lot-et-Garonne,DEP-47,NaN,1,4,18,1
2020-03-23,Lozère,DEP-48,NaN,0,0,4,1
2020-03-23,Maine-et-Loire,DEP-49,NaN,4,10,46,43
2020-03-23,Manche,DEP-50,97,0,7,20,4
2020-03-23,Marne,DEP-51,NaN,8,31,117,39
2020-03-23,Martinique,DEP-972,NaN,1,5,19,0
2020-03-23,Mayenne,DEP-53,NaN,1,2,14,3
2020-03-23,Mayotte,DEP-976,21,0,0,0,0
2020-03-23,Meurthe-et-Moselle,DEP-54,NaN,19,68.5,121,16
2020-03-23,Meuse,DEP-55,NaN,2,8,86,16
2020-03-23,Morbihan,DEP-56,181,17,14,67,36
2020-03-23,Moselle,DEP-57,NaN,53,91,391,58
2020-03-23,Nièvre,DEP-58,NaN,0,2,3,0
2020-03-23,Nord,DEP-59,NaN,9.5,68,145,30
2020-03-23,Oise,DEP-60,NaN,43,31,174,54
2020-03-23,Orne,DEP-61,27,0,2,6,7
2020-03-23,Paris,DEP-75,NaN,59,223,925,198
2020-03-23,Pas-de-Calais,DEP-62,NaN,2.5,28,65,33
2020-03-23,Puy-de-Dôme,DEP-63,66,0,3,7,11
2020-03-23,Pyrénées-Atlantiques,DEP-64,NaN,1,1,19,5
2020-03-23,Pyrénées-Orientales,DEP-66,NaN,6,22,83,6
2020-03-23,Rhône,DEP-69,491,37.5,71,429,90
2020-03-23,Saône-et-Loire,DEP-71,NaN,13,7,84,50
2020-03-23,Sarthe,DEP-72,NaN,1,2,20,6
2020-03-23,Savoie,DEP-73,102,1.5,4,26,13
2020-03-23,Seine-et-Marne,DEP-77,NaN,3,54,161,40
2020-03-23,Seine-Maritime,DEP-76,195,8,14,81.5,8
2020-03-23,Seine-Saint-Denis,DEP-93,NaN,28,85,333,55
2020-03-23,Somme,DEP-80,NaN,16,37,137,22
2020-03-23,Tarn,DEP-81,NaN,1,3,7,4
2020-03-23,Tarn-et-Garonne,DEP-82,NaN,1,1,2,1
2020-03-23,Territoire de Belfort,DEP-90,NaN,24,20,94,31
2020-03-23,Val-d'Oise,DEP-95,NaN,30,81,364,93
2020-03-23,Val-de-Marne,DEP-94,NaN,24,103,384,108
2020-03-23,Var,DEP-83,NaN,5,23,56,114
2020-03-23,Vaucluse,DEP-84,NaN,3,8,25,16
2020-03-23,Vendée,DEP-85,NaN,0,6,10,8
2020-03-23,Vienne,DEP-86,NaN,3,1,15,1
2020-03-23,Vosges,DEP-88,NaN,32,15,65,24
2020-03-23,Yonne,DEP-89,NaN,2,7,16,1
2020-03-23,Yvelines,DEP-78,NaN,17,49,226,41
2020-03-24,Allier,DEP-03,34,NaN,NaN,NaN,NaN
2020-03-24,Ardèche,DEP-07,125,NaN,NaN,NaN,NaN
2020-03-24,Calvados,DEP-14,147,NaN,NaN,25,NaN
2020-03-24,Cantal,DEP-15,31,NaN,NaN,NaN,NaN
2020-03-24,Cher,DEP-18,20,0,NaN,NaN,NaN
2020-03-24,Corse-du-Sud,DEP-2A,175,11,8,38,NaN
2020-03-24,Côtes-d'Armor,DEP-22,38,NaN,NaN,NaN,NaN
2020-03-24,Drôme,DEP-26,113,NaN,NaN,NaN,NaN
2020-03-24,Eure,DEP-27,71,NaN,NaN,15,NaN
2020-03-24,Eure-et-Loir,DEP-28,87,3,NaN,NaN,NaN
2020-03-24,Finistère,DEP-29,127,NaN,NaN,NaN,NaN
2020-03-24,Guadeloupe,DEP-971,73,1,7,20,NaN
2020-03-24,Guyane,DEP-973,27,0,NaN,NaN,6
2020-03-24,Haute-Corse,DEP-2B,43,1,0,7,NaN
2020-03-24,Haute-Loire,DEP-43,17,NaN,NaN,NaN,NaN
2020-03-24,Haute-Savoie,DEP-74,289,NaN,NaN,NaN,NaN
2020-03-24,Ille-et-Vilaine,DEP-35,115,NaN,NaN,NaN,NaN
2020-03-24,Indre,DEP-36,50,2,NaN,NaN,NaN
2020-03-24,Indre-et-Loire,DEP-37,86,2,NaN,NaN,NaN
2020-03-24,Isère,DEP-38,173,NaN,NaN,NaN,NaN
2020-03-24,Loir-et-Cher,DEP-41,37,0,NaN,NaN,NaN
2020-03-24,Loire,DEP-42,312,NaN,NaN,NaN,NaN
2020-03-24,Loiret,DEP-45,170,1,NaN,NaN,NaN
2020-03-24,Manche,DEP-50,107,NaN,NaN,15,NaN
2020-03-24,Mayotte,DEP-976,30,NaN,NaN,NaN,NaN
2020-03-24,Morbihan,DEP-56,185,NaN,NaN,NaN,NaN
2020-03-24,Orne,DEP-61,28,NaN,NaN,9,NaN
2020-03-24,Puy-de-Dôme,DEP-63,81,NaN,NaN,NaN,NaN
2020-03-24,Seine-Maritime,DEP-76,233,NaN,NaN,97,NaN
